id_venta,fecha,producto,categoria,cantidad,precio_unitario,cliente,region,edad_cliente,ingresos_anuales
210,2025-01-01,Monitor LG,Electrónica,1,369.86,Diego López,Sur,56,104427.78
195,2025-01-03,Mouse Inalámbrico,Accesorios,3,51.35,Miguel González,Sur,33,56885.82
253,2025-01-05,Auriculares Logitech,Accesorios,3,92.83,Carlos Martínez,Sur,44,84686.67
485,2025-01-07,Webcam HD,Accesorios,1,69.59,Valentina García,Este,20,39543.0
194,2025-01-07,Webcam Full HD,Accesorios,3,141.23,Ana Sánchez,Oeste,25,55351.72
213,2025-01-08,Laptop HP,Electrónica,3,1000.93,María Rodríguez,Norte,27,48015.63
366,2025-01-08,Laptop Lenovo,Electrónica,1,940.59,Pedro García,Norte,55,96656.57
335,2025-01-08,Laptop HP,Electrónica,1,1339.49,Diego Pérez,Oeste,31,59041.76
230,2025-01-09,Monitor Dell,Electrónica,2,324.97,Valentina Sánchez,Sur,27,56439.72
52,2025-01-10,Webcam Full HD,Accesorios,2,144.98,Laura Rodríguez,Oeste,53,98348.81
435,2025-01-10,Webcam Full HD,Accesorios,3,138.38,Laura García,Norte,23,46845.95
115,2025-01-10,Webcam Full HD,Accesorios,2,100.45,Pedro López,Sur,52,98470.35
280,2025-01-10,Mouse Inalámbrico,Accesorios,1,46.3,Pedro Sánchez,Sur,58,99894.8
263,2025-01-10,Auriculares Logitech,Accesorios,1,66.88,María Martínez,Oeste,59,120000.0
136,2025-01-11,Laptop HP,Electrónica,1,1355.31,Valentina Pérez,Sur,22,61246.87
91,2025-01-12,Monitor Dell,Electrónica,1,249.3,Valentina Fernández,Sur,33,51215.1
368,2025-01-12,Teclado Inalámbrico,Accesorios,2,53.79,Laura García,Este,38,73156.72
155,2025-01-14,Auriculares Sony,Accesorios,1,182.89,Sofía López,Oeste,53,100196.58
139,2025-01-14,Laptop Dell,Electrónica,1,1242.39,Miguel Sánchez,Sur,44,76971.45
72,2025-01-14,Laptop HP,Electrónica,1,983.11,Juan Rodríguez,Sur,22,44143.51
410,2025-01-15,Laptop HP,Electrónica,2,1050.96,Valentina Rodríguez,Sur,24,45641.79
156,2025-01-15,Mouse Inalámbrico,Accesorios,3,48.99,Sofía García,Oeste,48,100533.16
332,2025-01-16,Teclado Inalámbrico,Accesorios,3,49.27,Juan Sánchez,Sur,31,47068.4
315,2025-01-16,Mouse Gaming,Accesorios,2,106.25,Juan Pérez,Norte,40,66774.87
343,2025-01-17,Teclado Inalámbrico,Accesorios,1,44.35,Sofía Rodríguez,Este,58,104041.7
375,2025-01-19,Mouse Gaming,Accesorios,3,105.54,María Sánchez,Sur,59,117450.96
482,2025-01-19,Mouse Gaming,Accesorios,2,79.1,Carlos Martínez,Oeste,20,40382.33
298,2025-01-21,Monitor Samsung,Electrónica,3,342.95,Ana Martínez,Norte,46,86659.8
400,2025-01-24,Monitor Dell,Electrónica,2,314.95,Miguel González,Sur,45,58611.91
392,2025-01-24,Auriculares Sony,Accesorios,1,166.64,Juan González,Este,44,77114.14
251,2025-01-25,Monitor Dell,Electrónica,1,253.42,Ana Rodríguez,Oeste,31,59095.01
149,2025-01-25,Mouse Gaming,Accesorios,2,99.34,Diego López,Este,56,114657.23
215,2025-01-26,Webcam Full HD,Accesorios,1,129.72,Sofía Pérez,Oeste,31,61782.89
238,2025-01-27,Laptop Dell,Electrónica,1,1415.93,Pedro Sánchez,Sur,27,50624.65
397,2025-01-28,Teclado Mecánico,Accesorios,3,88.8,Laura González,Oeste,40,72565.89
140,2025-01-29,Auriculares Sony,Accesorios,2,142.17,María Pérez,Norte,30,53818.57
158,2025-01-29,Laptop Lenovo,Electrónica,2,881.51,Juan Rodríguez,Sur,35,67470.17
121,2025-01-29,Mouse Inalámbrico,Accesorios,3,22.76,Sofía García,Sur,30,48103.95
358,2025-01-31,Teclado Inalámbrico,Accesorios,1,89.4,Ana García,Norte,24,48311.72
87,2025-02-03,Mouse Inalámbrico,Accesorios,1,50.76,Laura Rodríguez,Sur,32,65355.88
101,2025-02-05,Laptop Lenovo,Electrónica,1,858.21,Sofía Pérez,Sur,21,49774.84
147,2025-02-05,Monitor LG,Electrónica,2,297.4,Ana López,Este,36,94400.85
16,2025-02-05,Webcam HD,Accesorios,1,76.99,Diego López,Este,41,81371.13
29,2025-02-06,Laptop Dell,Electrónica,1,1046.55,Diego García,Norte,54,109361.53
169,2025-02-06,Teclado Inalámbrico,Accesorios,2,74.79,Pedro Rodríguez,Norte,59,110632.72
176,2025-02-06,Auriculares Logitech,Accesorios,2,116.94,Laura González,Oeste,51,96279.54
326,2025-02-07,Auriculares Sony,Accesorios,2,138.98,Ana Rodríguez,Oeste,54,120000.0
471,2025-02-07,Laptop HP,Electrónica,2,1104.39,Pedro Sánchez,Norte,24,55760.59
107,2025-02-07,Laptop Dell,Electrónica,3,1058.35,Diego López,Sur,50,95697.29
180,2025-02-08,Webcam HD,Accesorios,3,97.22,Diego Rodríguez,Norte,30,53935.07
416,2025-02-08,Monitor Samsung,Electrónica,1,287.1,Juan López,Oeste,43,68966.76
255,2025-02-09,Auriculares Logitech,Accesorios,3,115.62,Juan Rodríguez,Este,48,95395.27
170,2025-02-09,Laptop Lenovo,Electrónica,2,1221.11,Juan Fernández,Oeste,38,82704.73
193,2025-02-10,Monitor Dell,Electrónica,3,328.66,María González,Oeste,27,61551.93
354,2025-02-10,Laptop Lenovo,Electrónica,3,1052.56,Diego Sánchez,Este,51,93299.53
110,2025-02-11,Webcam Full HD,Accesorios,1,115.88,Miguel Martínez,Oeste,27,39688.76
141,2025-02-11,Monitor Dell,Electrónica,1,376.29,Ana García,Sur,53,119455.74
113,2025-02-11,Monitor Dell,Electrónica,3,283.25,Ana Pérez,Este,48,107458.25
440,2025-02-12,Monitor Samsung,Electrónica,3,307.65,Ana López,Oeste,33,59529.0
417,2025-02-13,Laptop HP,Electrónica,2,1285.81,Miguel Rodríguez,Sur,55,109184.88
71,2025-02-13,Monitor Dell,Electrónica,2,299.81,Pedro Sánchez,Sur,40,80736.27
459,2025-02-15,Mouse Inalámbrico,Accesorios,1,35.96,Valentina Sánchez,Oeste,25,48764.48
36,2025-02-15,Laptop Dell,Electrónica,2,1497.28,Pedro Fernández,Este,60,115967.74
45,2025-02-16,Webcam HD,Accesorios,2,59.72,Carlos Pérez,Oeste,35,67151.43
48,2025-02-17,Laptop HP,Electrónica,2,1019.89,Miguel Sánchez,Norte,20,36821.53
489,2025-02-17,Mouse Gaming,Accesorios,3,106.25,María Sánchez,Oeste,41,64418.41
490,2025-02-18,Teclado Inalámbrico,Accesorios,1,88.4,María Martínez,Norte,34,64328.01
341,2025-02-18,Teclado Inalámbrico,Accesorios,1,69.54,Juan Fernández,Oeste,39,71107.91
333,2025-02-19,Laptop Lenovo,Electrónica,2,970.5,Pedro Pérez,Norte,24,39118.58
349,2025-02-20,Webcam HD,Accesorios,2,50.51,Laura García,Norte,58,112215.39
226,2025-02-21,Laptop Lenovo,Electrónica,1,895.64,Carlos Sánchez,Oeste,55,88904.89
384,2025-02-21,Webcam Full HD,Accesorios,2,125.39,Ana Sánchez,Sur,33,54906.13
408,2025-02-21,Auriculares Sony,Accesorios,3,180.99,Laura Sánchez,Sur,50,83849.06
383,2025-02-22,Monitor LG,Electrónica,3,225.39,Carlos García,Norte,41,83780.58
63,2025-02-22,Mouse Gaming,Accesorios,1,88.76,Diego Sánchez,Norte,58,108277.53
7,2025-02-23,Laptop HP,Electrónica,2,1231.26,Valentina González,Sur,48,97784.67
196,2025-02-24,Webcam HD,Accesorios,3,80.79,Ana Rodríguez,Oeste,48,85561.14
150,2025-02-26,Laptop Dell,Electrónica,2,1068.41,Diego García,Este,31,53855.35
239,2025-02-27,Laptop HP,Electrónica,1,1240.07,Carlos Fernández,Sur,21,58525.72
495,2025-02-28,Laptop Lenovo,Electrónica,1,1152.02,Diego González,Norte,47,77607.72
171,2025-02-28,Teclado Inalámbrico,Accesorios,3,52.26,Miguel Rodríguez,Este,44,73917.31
316,2025-02-28,Auriculares Logitech,Accesorios,3,139.37,Diego Sánchez,Este,24,58937.27
406,2025-02-28,Auriculares Logitech,Accesorios,1,129.92,Valentina González,Este,45,85516.26
152,2025-02-28,Mouse Gaming,Accesorios,3,113.24,Valentina García,Norte,45,89591.8
44,2025-03-01,Monitor LG,Electrónica,1,303.56,Pedro Pérez,Oeste,25,30196.87
379,2025-03-02,Webcam HD,Accesorios,1,84.89,Carlos López,Sur,35,59840.83
339,2025-03-02,Monitor Dell,Electrónica,1,270.7,Laura Martínez,Este,27,50748.35
303,2025-03-02,Teclado Mecánico,Accesorios,1,118.16,María González,Sur,60,114393.08
12,2025-03-03,Laptop Dell,Electrónica,3,1031.78,Sofía Rodríguez,Este,59,120000.0
102,2025-03-03,Monitor Dell,Electrónica,2,386.01,Miguel Martínez,Este,30,59452.04
17,2025-03-03,Auriculares Logitech,Accesorios,1,143.67,Miguel Rodríguez,Sur,47,83302.4
450,2025-03-03,Mouse Inalámbrico,Accesorios,2,56.59,Valentina García,Sur,25,39428.49
78,2025-03-04,Laptop Dell,Electrónica,2,1188.37,Miguel Fernández,Este,46,102071.01
43,2025-03-04,Monitor Dell,Electrónica,2,282.5,Laura Martínez,Sur,41,81344.2
163,2025-03-04,Auriculares Sony,Accesorios,1,140.16,Laura Rodríguez,Este,29,54917.88
496,2025-03-05,Teclado Mecánico,Accesorios,1,122.38,Valentina González,Sur,56,101281.76
144,2025-03-05,Auriculares Logitech,Accesorios,2,129.38,María González,Sur,20,48065.93
220,2025-03-06,Teclado Mecánico,Accesorios,3,80.4,Valentina Pérez,Este,40,67008.38
305,2025-03-07,Laptop HP,Electrónica,1,1232.09,Valentina Martínez,Oeste,58,101292.4
308,2025-03-07,Mouse Gaming,Accesorios,2,89.21,Miguel Sánchez,Sur,22,48714.16
323,2025-03-08,Teclado Mecánico,Accesorios,3,99.55,Ana Martínez,Norte,57,100656.34
359,2025-03-08,Webcam Full HD,Accesorios,3,82.75,Ana Martínez,Este,46,84212.04
97,2025-03-09,Laptop Dell,Electrónica,1,1171.46,Valentina López,Norte,37,71373.68
307,2025-03-09,Teclado Mecánico,Accesorios,2,141.05,Ana Fernández,Este,59,106595.27
49,2025-03-10,Webcam HD,Accesorios,3,86.89,Laura Rodríguez,Este,22,36292.59
283,2025-03-11,Auriculares Sony,Accesorios,3,175.63,Sofía López,Norte,23,61037.36
228,2025-03-12,Mouse Inalámbrico,Accesorios,3,51.99,Sofía García,Sur,55,93316.56
311,2025-03-13,Mouse Gaming,Accesorios,1,90.43,Diego García,Este,34,65878.56
237,2025-03-14,Teclado Inalámbrico,Accesorios,3,72.26,Sofía García,Este,25,43134.36
455,2025-03-14,Monitor Dell,Electrónica,2,270.14,Juan Sánchez,Oeste,25,37774.55
148,2025-03-14,Laptop HP,Electrónica,2,1211.67,Miguel Sánchez,Norte,20,39039.4
161,2025-03-14,Laptop Dell,Electrónica,3,1455.17,Juan García,Oeste,23,55243.22
353,2025-03-14,Monitor Samsung,Electrónica,3,350.94,Pedro Fernández,Sur,49,106124.65
438,2025-03-14,Laptop HP,Electrónica,1,1303.54,Laura Fernández,Oeste,22,53022.38
65,2025-03-15,Laptop HP,Electrónica,1,1384.33,Valentina González,Norte,57,109049.67
399,2025-03-15,Monitor LG,Electrónica,1,262.81,Pedro Fernández,Oeste,21,39619.64
57,2025-03-16,Monitor Samsung,Electrónica,2,353.93,Sofía González,Norte,40,76507.44
476,2025-03-17,Monitor LG,Electrónica,1,328.31,Diego Sánchez,Este,49,70633.99
227,2025-03-18,Webcam Full HD,Accesorios,1,151.62,Ana Martínez,Norte,49,97700.52
154,2025-03-23,Laptop HP,Electrónica,1,1110.88,Ana Pérez,Este,37,68467.28
173,2025-03-23,Auriculares Sony,Accesorios,3,122.86,Ana Martínez,Sur,32,59342.86
76,2025-03-23,Webcam HD,Accesorios,1,95.55,Carlos Sánchez,Norte,44,89996.6
219,2025-03-23,Monitor Dell,Electrónica,2,300.11,Miguel Pérez,Este,30,43309.2
456,2025-03-24,Auriculares Logitech,Accesorios,1,60.18,Valentina García,Sur,34,56024.97
80,2025-03-24,Monitor LG,Electrónica,2,336.18,Juan Rodríguez,Sur,28,54869.81
60,2025-03-25,Webcam Full HD,Accesorios,2,170.26,Miguel Fernández,Norte,38,80305.94
327,2025-03-25,Laptop Lenovo,Electrónica,2,1289.56,Juan García,Oeste,43,85282.43
426,2025-03-25,Webcam Full HD,Accesorios,2,158.04,María González,Norte,48,101431.31
106,2025-03-25,Laptop HP,Electrónica,2,1061.18,Juan Pérez,Norte,28,74239.92
181,2025-03-25,Monitor Samsung,Electrónica,3,375.99,Laura López,Este,22,50102.01
235,2025-03-26,Laptop HP,Electrónica,3,1037.27,María López,Sur,58,118826.09
431,2025-03-26,Teclado Inalámbrico,Accesorios,2,51.31,Ana López,Oeste,41,84593.73
257,2025-03-27,Monitor Dell,Electrónica,1,362.41,Pedro Fernández,Este,21,39473.28
487,2025-03-27,Teclado Inalámbrico,Accesorios,1,77.63,Miguel López,Oeste,60,120000.0
265,2025-03-28,Teclado Inalámbrico,Accesorios,1,84.12,Pedro Sánchez,Norte,27,54969.61
203,2025-03-28,Laptop Dell,Electrónica,2,1065.78,Valentina González,Sur,33,37301.58
131,2025-03-28,Laptop Lenovo,Electrónica,1,1139.8,Diego González,Oeste,26,49907.79
277,2025-03-29,Monitor Samsung,Electrónica,3,372.67,Laura López,Norte,52,78608.24
166,2025-03-30,Laptop Lenovo,Electrónica,1,951.0,Miguel González,Sur,56,109514.16
104,2025-03-31,Laptop Dell,Electrónica,1,1264.92,Laura Rodríguez,Sur,30,30590.45
56,2025-03-31,Laptop Dell,Electrónica,1,1327.86,María López,Norte,26,44573.0
294,2025-03-31,Mouse Inalámbrico,Accesorios,2,57.49,Ana Fernández,Este,58,103072.99
68,2025-04-01,Webcam HD,Accesorios,3,68.9,Valentina Martínez,Este,58,106265.53
364,2025-04-02,Auriculares Logitech,Accesorios,3,134.76,Sofía Rodríguez,Este,32,52949.61
90,2025-04-02,Laptop Lenovo,Electrónica,2,1219.81,Valentina Rodríguez,Sur,40,71243.29
198,2025-04-03,Mouse Inalámbrico,Accesorios,1,36.13,Laura Pérez,Este,52,98800.31
498,2025-04-04,Auriculares Sony,Accesorios,1,118.54,Valentina González,Este,34,58679.11
117,2025-04-05,Auriculares Logitech,Accesorios,3,129.47,Carlos López,Oeste,55,110180.99
114,2025-04-07,Auriculares Sony,Accesorios,2,178.86,Pedro López,Este,52,97276.7
35,2025-04-07,Auriculares Sony,Accesorios,2,179.48,Juan Rodríguez,Oeste,38,87198.49
304,2025-04-08,Laptop HP,Electrónica,2,940.86,Juan Martínez,Norte,24,61493.24
146,2025-04-08,Teclado Mecánico,Accesorios,2,122.73,Diego Pérez,Oeste,41,68962.22
254,2025-04-09,Mouse Gaming,Accesorios,1,80.12,Pedro García,Oeste,26,47429.14
295,2025-04-10,Laptop HP,Electrónica,1,1354.7,Laura García,Sur,50,93462.55
355,2025-04-10,Mouse Inalámbrico,Accesorios,2,34.8,Juan Sánchez,Este,53,96867.45
395,2025-04-10,Mouse Gaming,Accesorios,1,63.02,María Sánchez,Norte,28,58324.65
314,2025-04-11,Monitor LG,Electrónica,3,337.22,Ana Fernández,Sur,38,67242.83
437,2025-04-14,Laptop Dell,Electrónica,2,1466.46,Diego López,Sur,20,35822.2
112,2025-04-14,Teclado Mecánico,Accesorios,1,117.23,Sofía López,Este,25,58969.4
242,2025-04-14,Webcam Full HD,Accesorios,3,103.46,Laura Rodríguez,Oeste,59,114036.12
478,2025-04-14,Teclado Mecánico,Accesorios,3,110.07,Pedro Martínez,Norte,25,56438.16
40,2025-04-14,Mouse Inalámbrico,Accesorios,1,55.09,Juan García,Este,58,100892.38
79,2025-04-15,Laptop Dell,Electrónica,2,1419.16,Carlos Pérez,Norte,40,76052.44
297,2025-04-16,Webcam Full HD,Accesorios,2,104.95,Miguel Rodríguez,Sur,28,49139.22
342,2025-04-16,Monitor LG,Electrónica,2,290.17,Laura Fernández,Norte,28,46878.44
466,2025-04-17,Laptop Dell,Electrónica,2,1460.38,Miguel Pérez,Norte,47,81071.55
292,2025-04-17,Mouse Inalámbrico,Accesorios,1,33.38,Juan Fernández,Sur,25,35233.08
1,2025-04-17,Teclado Mecánico,Accesorios,3,135.76,Sofía Rodríguez,Norte,58,99231.73
208,2025-04-17,Monitor Dell,Electrónica,1,256.82,Pedro Pérez,Norte,31,68302.22
363,2025-04-19,Laptop Lenovo,Electrónica,2,1010.28,Carlos Martínez,Norte,40,63385.45
425,2025-04-19,Auriculares Logitech,Accesorios,3,128.29,Diego Pérez,Este,26,47640.41
439,2025-04-19,Laptop Dell,Electrónica,3,1350.58,Diego Sánchez,Norte,36,57882.99
345,2025-04-19,Auriculares Logitech,Accesorios,1,139.4,Juan Rodríguez,Sur,58,116507.04
281,2025-04-22,Auriculares Sony,Accesorios,1,118.8,Miguel González,Oeste,41,80109.33
31,2025-04-22,Teclado Inalámbrico,Accesorios,3,70.32,Miguel López,Norte,48,80546.18
427,2025-04-22,Teclado Inalámbrico,Accesorios,3,49.31,Diego Fernández,Oeste,46,60757.86
390,2025-04-22,Webcam HD,Accesorios,2,71.12,Sofía González,Este,56,106735.9
30,2025-04-26,Monitor Samsung,Electrónica,1,383.06,Juan Sánchez,Oeste,57,111317.07
191,2025-04-26,Webcam HD,Accesorios,1,54.13,Valentina Fernández,Este,21,50993.03
256,2025-04-26,Teclado Mecánico,Accesorios,1,130.7,Carlos Pérez,Este,47,111486.82
367,2025-04-27,Monitor Dell,Electrónica,3,266.44,María López,Sur,31,53014.71
225,2025-04-27,Teclado Mecánico,Accesorios,3,110.16,Miguel González,Este,34,64231.14
187,2025-04-27,Mouse Gaming,Accesorios,2,61.26,María Sánchez,Oeste,30,77628.23
447,2025-04-28,Mouse Gaming,Accesorios,1,111.46,Sofía López,Norte,60,100834.76
270,2025-04-29,Webcam Full HD,Accesorios,1,86.93,María Martínez,Norte,55,93743.79
262,2025-04-30,Webcam HD,Accesorios,1,56.66,Miguel García,Norte,21,39706.76
19,2025-05-01,Laptop Dell,Electrónica,2,1113.97,Ana Rodríguez,Norte,22,43651.13
282,2025-05-01,Auriculares Logitech,Accesorios,2,127.12,María Rodríguez,Norte,39,76564.25
492,2025-05-02,Webcam Full HD,Accesorios,3,117.45,María Fernández,Oeste,28,52554.75
274,2025-05-02,Laptop Dell,Electrónica,3,1322.91,Diego Pérez,Norte,31,80229.85
66,2025-05-02,Mouse Inalámbrico,Accesorios,3,35.87,María Rodríguez,Norte,56,99730.57
167,2025-05-03,Laptop HP,Electrónica,3,1128.72,Miguel López,Norte,53,102258.65
329,2025-05-04,Webcam Full HD,Accesorios,3,152.67,Diego García,Oeste,38,76072.87
360,2025-05-05,Webcam Full HD,Accesorios,2,93.0,Pedro Martínez,Oeste,56,120000.0
111,2025-05-05,Teclado Mecánico,Accesorios,3,129.96,Laura García,Este,34,46590.9
357,2025-05-06,Auriculares Logitech,Accesorios,3,94.1,Juan García,Sur,24,59421.23
23,2025-05-06,Monitor Dell,Electrónica,1,235.29,María Rodríguez,Oeste,45,96428.23
460,2025-05-07,Laptop Lenovo,Electrónica,1,1250.53,Miguel González,Este,34,63456.46
47,2025-05-07,Mouse Inalámbrico,Accesorios,3,58.51,Miguel González,Norte,20,36657.53
449,2025-05-08,Teclado Mecánico,Accesorios,3,93.93,Laura Rodríguez,Oeste,39,64562.41
38,2025-05-08,Teclado Mecánico,Accesorios,3,98.79,María García,Sur,50,89247.43
470,2025-05-09,Monitor Dell,Electrónica,3,234.53,Diego López,Sur,57,106640.93
472,2025-05-09,Monitor Samsung,Electrónica,1,316.93,Ana González,Oeste,46,96377.9
64,2025-05-13,Teclado Mecánico,Accesorios,2,149.72,Carlos Pérez,Norte,30,49027.46
179,2025-05-14,Teclado Mecánico,Accesorios,1,84.59,Carlos López,Sur,42,62590.06
403,2025-05-15,Monitor Samsung,Electrónica,3,346.28,Ana Pérez,Este,28,67019.34
123,2025-05-17,Monitor LG,Electrónica,1,280.69,Valentina González,Norte,45,74878.96
475,2025-05-17,Laptop Dell,Electrónica,1,1159.3,Laura López,Norte,54,104282.61
464,2025-05-18,Laptop HP,Electrónica,3,1086.1,María Fernández,Este,38,58904.51
306,2025-05-18,Teclado Inalámbrico,Accesorios,3,45.6,Carlos Sánchez,Este,51,96537.7
234,2025-05-18,Auriculares Logitech,Accesorios,3,78.56,Miguel Fernández,Norte,44,81729.98
10,2025-05-19,Laptop Dell,Electrónica,3,1099.36,Carlos García,Oeste,54,98446.99
483,2025-05-21,Webcam HD,Accesorios,3,75.01,Laura García,Sur,48,80261.04
119,2025-05-21,Mouse Inalámbrico,Accesorios,2,57.89,Sofía Fernández,Sur,44,91878.49
324,2025-05-22,Mouse Gaming,Accesorios,2,71.28,Ana González,Norte,58,106476.76
246,2025-05-23,Monitor Samsung,Electrónica,2,381.0,Laura González,Norte,31,38271.09
42,2025-05-23,Teclado Inalámbrico,Accesorios,2,75.1,María Martínez,Oeste,42,84549.96
128,2025-05-24,Laptop Dell,Electrónica,2,1018.27,Sofía López,Sur,20,30000.0
62,2025-05-24,Monitor Samsung,Electrónica,3,336.02,Pedro Rodríguez,Este,31,62476.36
486,2025-05-24,Webcam HD,Accesorios,2,81.42,Miguel Fernández,Oeste,28,46750.08
75,2025-05-25,Mouse Gaming,Accesorios,3,68.2,Miguel García,Norte,39,59054.25
184,2025-05-25,Auriculares Logitech,Accesorios,2,102.59,Pedro Sánchez,Este,46,104008.3
346,2025-05-26,Laptop Dell,Electrónica,2,1301.9,María González,Sur,52,102951.73
443,2025-05-27,Teclado Inalámbrico,Accesorios,2,48.96,Valentina García,Oeste,50,82828.59
182,2025-05-27,Monitor LG,Electrónica,2,322.16,Miguel Rodríguez,Este,20,39008.24
389,2025-05-27,Auriculares Sony,Accesorios,3,182.67,Miguel López,Sur,23,48025.61
26,2025-05-27,Laptop Lenovo,Electrónica,3,1170.02,Ana Sánchez,Este,60,120000.0
53,2025-05-27,Monitor Samsung,Electrónica,2,306.19,Valentina Sánchez,Norte,24,56926.33
275,2025-05-29,Mouse Gaming,Accesorios,1,88.08,Sofía Fernández,Oeste,26,62047.99
2,2025-05-30,Auriculares Sony,Accesorios,3,186.62,Pedro Martínez,Oeste,49,90958.53
88,2025-05-31,Auriculares Sony,Accesorios,1,107.59,Diego Sánchez,Este,30,44284.11
135,2025-05-31,Teclado Mecánico,Accesorios,1,124.33,Pedro López,Oeste,38,55702.21
462,2025-05-31,Teclado Inalámbrico,Accesorios,1,72.7,Ana Pérez,Oeste,52,87867.58
266,2025-06-01,Webcam HD,Accesorios,3,90.11,Juan Rodríguez,Oeste,40,71451.8
284,2025-06-03,Mouse Inalámbrico,Accesorios,3,55.45,Pedro Fernández,Norte,59,97697.54
317,2025-06-03,Mouse Gaming,Accesorios,1,56.51,Pedro López,Norte,47,91309.75
94,2025-06-03,Webcam Full HD,Accesorios,1,126.25,Sofía López,Este,22,35796.57
401,2025-06-05,Monitor Dell,Electrónica,3,351.97,Juan Sánchez,Oeste,31,66528.61
116,2025-06-06,Monitor Samsung,Electrónica,3,318.55,Sofía Rodríguez,Norte,23,35926.59
287,2025-06-07,Teclado Inalámbrico,Accesorios,2,70.17,María López,Este,38,64218.01
299,2025-06-09,Teclado Mecánico,Accesorios,3,86.05,Sofía López,Oeste,43,88424.07
105,2025-06-10,Monitor Samsung,Electrónica,3,298.1,Laura Martínez,Oeste,29,76170.08
233,2025-06-10,Laptop Dell,Electrónica,2,1368.44,Diego Rodríguez,Norte,41,78238.11
157,2025-06-10,Monitor Dell,Electrónica,2,281.0,Valentina González,Sur,21,48934.0
3,2025-06-10,Monitor Dell,Electrónica,1,230.12,Valentina Fernández,Norte,44,91364.45
82,2025-06-11,Teclado Inalámbrico,Accesorios,2,41.11,Laura Fernández,Este,31,72576.77
480,2025-06-11,Mouse Inalámbrico,Accesorios,3,45.39,Miguel Martínez,Oeste,30,62249.66
183,2025-06-11,Mouse Inalámbrico,Accesorios,3,55.76,Carlos Sánchez,Norte,44,88224.22
248,2025-06-12,Monitor Samsung,Electrónica,3,372.81,María López,Sur,54,107195.94
175,2025-06-12,Auriculares Logitech,Accesorios,1,60.82,Laura López,Sur,26,56180.22
232,2025-06-13,Mouse Inalámbrico,Accesorios,3,52.38,Valentina García,Este,24,59677.42
453,2025-06-15,Laptop HP,Electrónica,2,1043.73,Laura Martínez,Este,58,107233.7
350,2025-06-15,Auriculares Sony,Accesorios,1,174.1,Carlos Sánchez,Sur,59,116565.96
188,2025-06-15,Laptop HP,Electrónica,3,1139.97,Miguel García,Oeste,57,102749.4
451,2025-06-18,Mouse Inalámbrico,Accesorios,2,24.53,Pedro Martínez,Sur,39,55738.12
32,2025-06-18,Laptop HP,Electrónica,1,1245.95,Ana García,Oeste,52,86660.6
374,2025-06-18,Webcam Full HD,Accesorios,2,144.45,Sofía López,Oeste,49,102995.44
465,2025-06-23,Monitor Samsung,Electrónica,1,389.91,Carlos Martínez,Sur,20,49775.68
371,2025-06-24,Auriculares Sony,Accesorios,3,140.76,Ana Pérez,Norte,54,99226.62
58,2025-06-26,Monitor LG,Electrónica,3,340.1,Carlos Sánchez,Oeste,37,75546.0
474,2025-06-26,Teclado Mecánico,Accesorios,2,146.7,Valentina Martínez,Este,35,72694.14
200,2025-06-26,Webcam Full HD,Accesorios,2,178.76,Carlos Sánchez,Norte,55,110574.56
126,2025-06-26,Laptop Dell,Electrónica,1,1089.02,Ana Fernández,Sur,47,82048.9
445,2025-06-28,Laptop HP,Electrónica,3,1316.42,María González,Oeste,27,53297.47
211,2025-06-28,Monitor LG,Electrónica,1,234.17,Valentina González,Norte,43,65955.36
189,2025-06-28,Mouse Gaming,Accesorios,2,52.77,Sofía García,Norte,31,83820.26
55,2025-06-28,Auriculares Logitech,Accesorios,1,71.57,Pedro González,Este,20,42809.92
21,2025-06-29,Auriculares Sony,Accesorios,1,132.32,Juan Fernández,Norte,31,59614.49
422,2025-06-30,Laptop HP,Electrónica,1,1396.22,María González,Norte,20,50075.14
134,2025-07-01,Auriculares Sony,Accesorios,1,196.26,Pedro Fernández,Este,37,75042.63
272,2025-07-02,Auriculares Sony,Accesorios,1,104.37,Miguel García,Oeste,33,74125.07
289,2025-07-02,Laptop Lenovo,Electrónica,2,1048.09,Juan Pérez,Norte,37,64773.63
369,2025-07-02,Mouse Inalámbrico,Accesorios,2,59.24,Valentina González,Sur,30,64397.87
469,2025-07-05,Laptop HP,Electrónica,3,1150.04,Miguel Rodríguez,Oeste,41,70896.13
22,2025-07-06,Laptop Dell,Electrónica,1,1074.04,Juan Martínez,Sur,47,71864.95
380,2025-07-07,Laptop HP,Electrónica,2,1297.26,María Martínez,Sur,32,64961.6
428,2025-07-08,Teclado Inalámbrico,Accesorios,3,81.34,Ana Martínez,Norte,43,83389.48
373,2025-07-08,Laptop Lenovo,Electrónica,1,1051.74,Diego Sánchez,Sur,51,96590.0
441,2025-07-08,Mouse Inalámbrico,Accesorios,2,44.64,Diego González,Oeste,48,92332.07
4,2025-07-09,Mouse Inalámbrico,Accesorios,3,21.87,Carlos González,Este,22,30000.0
59,2025-07-09,Laptop Dell,Electrónica,3,1388.21,Pedro González,Norte,32,52973.85
8,2025-07-09,Teclado Inalámbrico,Accesorios,1,68.52,Sofía Rodríguez,Oeste,37,72313.68
70,2025-07-10,Laptop Dell,Electrónica,2,1340.52,Juan García,Oeste,52,89327.69
377,2025-07-10,Laptop Dell,Electrónica,2,1422.96,Sofía Pérez,Norte,53,97769.33
177,2025-07-11,Monitor Samsung,Electrónica,3,260.18,Juan González,Sur,36,50700.41
217,2025-07-11,Mouse Inalámbrico,Accesorios,2,33.94,Laura Pérez,Norte,52,107651.43
84,2025-07-11,Laptop HP,Electrónica,3,1302.52,María Fernández,Sur,53,113086.32
442,2025-07-12,Laptop Dell,Electrónica,1,1270.37,Pedro López,Oeste,25,62196.44
356,2025-07-12,Monitor Samsung,Electrónica,1,256.72,Ana López,Norte,29,44055.41
129,2025-07-13,Webcam Full HD,Accesorios,2,151.41,Laura González,Norte,49,80424.72
89,2025-07-14,Monitor Dell,Electrónica,1,341.63,Carlos López,Norte,51,91333.17
33,2025-07-14,Webcam Full HD,Accesorios,3,112.54,Juan Sánchez,Norte,31,82533.45
302,2025-07-15,Mouse Gaming,Accesorios,1,51.54,Valentina García,Este,41,89447.39
291,2025-07-17,Monitor Dell,Electrónica,3,331.79,Diego García,Sur,35,70037.8
264,2025-07-19,Laptop HP,Electrónica,2,1093.17,Juan Pérez,Norte,42,73542.85
361,2025-07-20,Laptop Lenovo,Electrónica,2,1249.78,Juan Rodríguez,Norte,36,53091.24
25,2025-07-20,Monitor Dell,Electrónica,1,315.72,Laura Sánchez,Norte,22,60666.05
334,2025-07-20,Auriculares Logitech,Accesorios,1,70.34,Miguel González,Este,36,61645.28
322,2025-07-20,Teclado Inalámbrico,Accesorios,3,43.48,Ana González,Norte,27,45845.39
138,2025-07-21,Monitor Samsung,Electrónica,1,396.18,Sofía López,Sur,42,74150.78
51,2025-07-23,Webcam Full HD,Accesorios,1,177.95,Valentina Martínez,Oeste,40,63050.58
405,2025-07-24,Mouse Gaming,Accesorios,2,115.62,Diego González,Sur,23,50770.91
81,2025-07-24,Webcam Full HD,Accesorios,1,105.14,Ana Fernández,Norte,59,94858.86
433,2025-07-25,Mouse Gaming,Accesorios,3,67.7,Miguel Fernández,Oeste,55,117597.32
209,2025-07-26,Monitor LG,Electrónica,3,345.09,Laura González,Este,39,73483.99
14,2025-07-26,Webcam Full HD,Accesorios,1,129.38,Valentina Martínez,Oeste,32,76980.37
325,2025-07-26,Mouse Gaming,Accesorios,1,105.19,María López,Norte,25,55725.74
411,2025-07-29,Monitor Dell,Electrónica,2,273.95,Valentina Fernández,Norte,50,79760.43
124,2025-07-29,Mouse Gaming,Accesorios,2,110.45,María López,Norte,43,64851.43
393,2025-07-30,Webcam Full HD,Accesorios,3,106.9,Pedro Martínez,Norte,56,80547.86
259,2025-08-01,Webcam HD,Accesorios,2,50.61,Pedro Martínez,Norte,51,85858.94
199,2025-08-01,Teclado Mecánico,Accesorios,2,112.38,Valentina Rodríguez,Oeste,39,88044.42
404,2025-08-02,Teclado Mecánico,Accesorios,1,134.63,Ana Sánchez,Este,48,92197.18
92,2025-08-02,Mouse Inalámbrico,Accesorios,1,51.98,Sofía Fernández,Este,36,57196.75
418,2025-08-04,Mouse Inalámbrico,Accesorios,1,52.19,Valentina González,Oeste,21,39725.22
50,2025-08-08,Monitor LG,Electrónica,1,239.23,Pedro Pérez,Norte,49,79400.8
223,2025-08-09,Laptop HP,Electrónica,1,1139.59,Valentina García,Oeste,24,61653.85
500,2025-08-10,Mouse Gaming,Accesorios,2,68.48,Juan Fernández,Norte,51,74136.19
83,2025-08-10,Laptop Dell,Electrónica,1,1275.95,Miguel García,Oeste,42,86053.76
73,2025-08-12,Teclado Mecánico,Accesorios,2,83.18,Sofía Fernández,Oeste,43,66871.51
402,2025-08-12,Laptop HP,Electrónica,3,990.87,Pedro García,Norte,26,56718.14
372,2025-08-13,Monitor Samsung,Electrónica,1,250.48,Sofía López,Este,57,105087.27
168,2025-08-14,Teclado Inalámbrico,Accesorios,3,86.58,Sofía González,Este,57,109944.57
244,2025-08-14,Laptop Dell,Electrónica,2,1304.24,Ana García,Este,21,38708.84
13,2025-08-15,Monitor Dell,Electrónica,1,371.95,Pedro Pérez,Sur,22,47213.96
309,2025-08-15,Teclado Inalámbrico,Accesorios,2,54.12,Laura Pérez,Oeste,42,75336.42
398,2025-08-15,Laptop Dell,Electrónica,3,1445.11,Miguel García,Sur,29,75846.95
267,2025-08-16,Teclado Inalámbrico,Accesorios,2,57.66,Ana Pérez,Este,26,44691.1
34,2025-08-18,Monitor Dell,Electrónica,2,269.04,Carlos Fernández,Oeste,46,88269.75
11,2025-08-19,Laptop Lenovo,Electrónica,1,1197.07,Valentina García,Oeste,26,49117.95
376,2025-08-20,Laptop Dell,Electrónica,1,1034.51,Sofía Rodríguez,Oeste,28,59561.78
261,2025-08-20,Laptop HP,Electrónica,2,1062.34,Carlos García,Norte,48,105111.7
336,2025-08-20,Mouse Gaming,Accesorios,1,73.86,Pedro López,Sur,39,82955.08
174,2025-08-21,Webcam HD,Accesorios,1,80.85,Juan Sánchez,Este,53,99434.15
61,2025-08-21,Laptop Dell,Electrónica,1,1026.74,Carlos González,Norte,26,51835.68
491,2025-08-22,Monitor Samsung,Electrónica,3,399.58,Carlos López,Este,33,57156.55
98,2025-08-24,Laptop HP,Electrónica,1,1178.87,Carlos Martínez,Norte,56,96187.16
186,2025-08-24,Webcam Full HD,Accesorios,1,91.73,Ana González,Norte,57,93187.25
202,2025-08-25,Monitor Dell,Electrónica,3,287.46,María Sánchez,Norte,34,49436.08
250,2025-08-26,Webcam Full HD,Accesorios,2,93.92,Ana López,Este,60,109817.49
347,2025-08-27,Monitor Samsung,Electrónica,3,305.36,Sofía González,Norte,52,80855.56
412,2025-08-28,Auriculares Sony,Accesorios,1,167.43,María López,Este,47,85933.48
436,2025-08-29,Auriculares Sony,Accesorios,2,175.9,Juan Pérez,Norte,55,107914.75
15,2025-08-29,Laptop Lenovo,Electrónica,3,864.14,Ana Rodríguez,Oeste,23,43203.28
387,2025-08-29,Mouse Gaming,Accesorios,3,102.41,Valentina Rodríguez,Sur,37,80150.96
165,2025-08-29,Laptop Dell,Electrónica,2,1259.13,Valentina López,Sur,37,62276.44
409,2025-08-29,Mouse Gaming,Accesorios,2,98.3,María Rodríguez,Oeste,60,101109.2
370,2025-08-30,Auriculares Sony,Accesorios,1,151.13,Juan López,Norte,33,56147.31
69,2025-08-30,Webcam Full HD,Accesorios,1,129.26,Valentina González,Oeste,27,55827.19
77,2025-08-30,Laptop HP,Electrónica,2,941.37,Pedro Pérez,Oeste,52,96520.15
293,2025-09-02,Laptop Dell,Electrónica,3,1464.81,Carlos Martínez,Este,45,90136.0
481,2025-09-03,Webcam Full HD,Accesorios,3,96.69,Carlos Fernández,Este,47,91185.22
479,2025-09-03,Auriculares Logitech,Accesorios,2,106.34,Juan Fernández,Norte,51,92989.8
420,2025-09-05,Mouse Inalámbrico,Accesorios,2,56.06,Diego López,Sur,20,37529.74
457,2025-09-05,Auriculares Sony,Accesorios,1,173.65,Laura González,Sur,49,83554.34
461,2025-09-05,Monitor Samsung,Electrónica,1,315.16,Juan López,Norte,60,120000.0
245,2025-09-06,Mouse Gaming,Accesorios,3,56.13,Miguel García,Este,22,32566.33
172,2025-09-06,Monitor LG,Electrónica,2,360.94,Carlos Pérez,Este,29,62143.69
430,2025-09-06,Monitor LG,Electrónica,1,342.49,Laura Fernández,Norte,29,62861.66
413,2025-09-09,Auriculares Logitech,Accesorios,3,146.46,Sofía Sánchez,Este,45,69903.07
28,2025-09-09,Webcam Full HD,Accesorios,3,149.58,Valentina Sánchez,Norte,21,48571.86
468,2025-09-09,Auriculares Logitech,Accesorios,2,135.03,Pedro Pérez,Oeste,37,77529.19
9,2025-09-09,Monitor LG,Electrónica,1,313.88,Miguel Rodríguez,Este,20,39564.63
132,2025-09-12,Teclado Mecánico,Accesorios,3,97.77,Sofía Fernández,Norte,56,105099.84
394,2025-09-13,Mouse Gaming,Accesorios,2,83.32,Carlos González,Norte,26,50498.28
424,2025-09-13,Webcam HD,Accesorios,1,61.24,Sofía López,Norte,54,99305.86
249,2025-09-13,Laptop HP,Electrónica,2,1378.66,Valentina García,Sur,44,63508.53
338,2025-09-14,Laptop HP,Electrónica,1,1136.45,Sofía Pérez,Sur,25,50433.39
127,2025-09-14,Webcam HD,Accesorios,3,59.22,Diego López,Este,38,67919.73
285,2025-09-17,Teclado Mecánico,Accesorios,2,80.23,Miguel Rodríguez,Oeste,36,63281.42
164,2025-09-19,Mouse Gaming,Accesorios,3,63.05,Pedro Rodríguez,Sur,42,74588.6
6,2025-09-21,Monitor Samsung,Electrónica,3,286.15,Carlos Fernández,Norte,55,100083.06
133,2025-09-21,Laptop Lenovo,Electrónica,3,1249.36,María López,Oeste,43,88509.6
151,2025-09-21,Webcam Full HD,Accesorios,3,175.82,Pedro García,Este,56,113139.22
222,2025-09-22,Webcam Full HD,Accesorios,2,144.26,Carlos Rodríguez,Sur,27,45598.84
452,2025-09-23,Auriculares Logitech,Accesorios,3,66.66,María García,Este,35,57704.89
159,2025-09-23,Teclado Inalámbrico,Accesorios,1,53.58,Miguel Pérez,Este,39,65473.69
423,2025-09-23,Mouse Inalámbrico,Accesorios,3,55.09,Miguel García,Norte,20,42139.04
351,2025-09-25,Laptop HP,Electrónica,2,905.85,Carlos López,Norte,34,45606.1
312,2025-09-25,Mouse Inalámbrico,Accesorios,2,37.9,María Pérez,Oeste,22,52127.74
310,2025-09-25,Laptop Lenovo,Electrónica,3,1048.48,Valentina Sánchez,Oeste,47,100084.46
143,2025-09-25,Monitor Dell,Electrónica,2,347.15,Miguel Rodríguez,Este,29,54618.99
271,2025-09-26,Auriculares Logitech,Accesorios,2,102.69,Pedro Sánchez,Este,35,72382.96
276,2025-09-26,Mouse Gaming,Accesorios,1,115.62,María Martínez,Norte,40,68006.06
109,2025-09-27,Teclado Inalámbrico,Accesorios,1,81.4,Carlos Rodríguez,Norte,24,53734.0
488,2025-09-28,Laptop Lenovo,Electrónica,1,1234.74,Carlos López,Norte,49,120000.0
365,2025-09-30,Laptop HP,Electrónica,3,1144.45,Carlos González,Sur,59,120000.0
96,2025-09-30,Auriculares Logitech,Accesorios,1,61.81,Diego Fernández,Sur,44,78312.3
95,2025-10-01,Teclado Mecánico,Accesorios,3,115.82,Valentina Fernández,Este,34,68136.66
46,2025-10-02,Webcam Full HD,Accesorios,3,84.11,Valentina Pérez,Sur,56,109220.74
328,2025-10-02,Webcam Full HD,Accesorios,2,171.08,Miguel González,Oeste,26,43835.8
473,2025-10-04,Teclado Inalámbrico,Accesorios,1,67.67,Valentina González,Oeste,44,78272.5
319,2025-10-04,Monitor Dell,Electrónica,2,362.52,Sofía Martínez,Sur,52,91947.15
273,2025-10-05,Auriculares Logitech,Accesorios,2,94.98,Ana Fernández,Oeste,40,75541.19
419,2025-10-05,Teclado Mecánico,Accesorios,3,131.02,Pedro López,Norte,48,111397.22
24,2025-10-07,Auriculares Sony,Accesorios,2,124.22,Pedro González,Sur,25,56519.33
39,2025-10-07,Monitor Dell,Electrónica,2,341.36,María Sánchez,Este,41,64743.02
153,2025-10-09,Mouse Inalámbrico,Accesorios,1,43.53,Pedro Fernández,Sur,26,55266.4
145,2025-10-09,Laptop Lenovo,Electrónica,3,890.65,Pedro López,Oeste,30,71413.12
446,2025-10-10,Webcam Full HD,Accesorios,1,119.07,Juan Fernández,Norte,24,40802.35
352,2025-10-11,Teclado Mecánico,Accesorios,2,137.17,Pedro Fernández,Este,37,77926.49
415,2025-10-12,Monitor Dell,Electrónica,3,260.42,María García,Este,35,66151.1
86,2025-10-12,Mouse Inalámbrico,Accesorios,1,54.49,Ana Martínez,Oeste,36,74148.09
348,2025-10-12,Mouse Gaming,Accesorios,3,115.92,Miguel Martínez,Sur,30,49038.11
477,2025-10-12,Mouse Gaming,Accesorios,1,50.93,Pedro Pérez,Norte,51,85429.82
243,2025-10-13,Teclado Inalámbrico,Accesorios,1,67.0,Pedro González,Sur,41,79720.49
216,2025-10-14,Monitor Samsung,Electrónica,3,351.48,Pedro Sánchez,Norte,60,109403.94
434,2025-10-14,Laptop Dell,Electrónica,3,1190.34,Valentina Martínez,Oeste,53,82198.97
236,2025-10-15,Monitor Samsung,Electrónica,2,358.65,Diego Rodríguez,Sur,55,97801.47
448,2025-10-16,Laptop HP,Electrónica,3,1002.7,Ana Fernández,Este,34,77558.12
429,2025-10-17,Teclado Inalámbrico,Accesorios,3,72.73,Miguel García,Este,42,77928.04
463,2025-10-17,Mouse Gaming,Accesorios,3,51.11,Sofía López,Norte,22,48203.3
386,2025-10-17,Laptop HP,Electrónica,3,1100.72,María Sánchez,Sur,30,52910.36
247,2025-10-18,Laptop Dell,Electrónica,2,1058.18,Sofía Martínez,Sur,33,69084.41
120,2025-10-20,Auriculares Sony,Accesorios,1,193.21,Sofía Pérez,Sur,47,79234.86
137,2025-10-20,Teclado Mecánico,Accesorios,1,82.4,Laura Sánchez,Sur,28,36865.31
382,2025-10-22,Monitor Dell,Electrónica,1,281.44,Juan García,Norte,49,85222.66
278,2025-10-22,Laptop Lenovo,Electrónica,2,918.21,Miguel Sánchez,Norte,27,53384.29
484,2025-10-22,Laptop Dell,Electrónica,1,1247.85,Sofía Martínez,Norte,26,51656.87
381,2025-10-22,Teclado Inalámbrico,Accesorios,2,54.76,Carlos Sánchez,Este,33,58707.27
108,2025-10-23,Auriculares Logitech,Accesorios,1,94.13,Laura González,Oeste,48,91293.94
240,2025-10-27,Webcam Full HD,Accesorios,2,113.36,Valentina González,Norte,32,65790.19
103,2025-10-27,Teclado Inalámbrico,Accesorios,1,63.83,Pedro Fernández,Sur,23,48197.57
197,2025-10-27,Teclado Mecánico,Accesorios,3,110.36,María Fernández,Sur,38,72780.03
37,2025-10-29,Monitor LG,Electrónica,1,368.53,Pedro Pérez,Este,52,95425.43
206,2025-10-30,Teclado Inalámbrico,Accesorios,1,69.94,Valentina López,Sur,33,75008.27
362,2025-11-01,Monitor Samsung,Electrónica,1,397.02,María Rodríguez,Sur,42,68332.33
458,2025-11-01,Laptop Dell,Electrónica,3,1192.81,Miguel González,Este,20,56953.88
221,2025-11-01,Laptop Lenovo,Electrónica,1,1024.85,Juan López,Oeste,57,108296.94
301,2025-11-01,Monitor LG,Electrónica,2,324.67,Carlos López,Norte,40,59848.68
178,2025-11-02,Mouse Inalámbrico,Accesorios,2,22.99,Ana López,Este,31,69450.15
20,2025-11-03,Mouse Gaming,Accesorios,1,83.94,Valentina González,Oeste,34,62854.13
260,2025-11-04,Auriculares Logitech,Accesorios,1,118.15,Diego Rodríguez,Sur,23,45090.61
85,2025-11-04,Laptop HP,Electrónica,3,1096.12,Miguel Fernández,Norte,43,78767.58
229,2025-11-06,Monitor Samsung,Electrónica,3,322.53,Juan González,Oeste,32,73661.53
214,2025-11-07,Monitor Dell,Electrónica,1,270.85,Diego Martínez,Este,29,50261.63
414,2025-11-07,Monitor LG,Electrónica,3,289.92,Laura Fernández,Sur,45,86211.47
241,2025-11-07,Webcam HD,Accesorios,1,84.5,Valentina Fernández,Sur,35,66799.81
122,2025-11-09,Monitor LG,Electrónica,2,246.48,Juan Pérez,Sur,59,108942.13
290,2025-11-09,Auriculares Logitech,Accesorios,3,126.21,Laura Rodríguez,Norte,36,67087.51
300,2025-11-09,Mouse Inalámbrico,Accesorios,2,53.11,Pedro Martínez,Norte,37,71567.5
288,2025-11-10,Monitor Dell,Electrónica,2,341.27,Laura Rodríguez,Este,55,102966.26
258,2025-11-10,Monitor Dell,Electrónica,2,271.57,Sofía Pérez,Norte,20,30000.0
320,2025-11-10,Mouse Gaming,Accesorios,2,101.78,Miguel Pérez,Oeste,41,73692.91
432,2025-11-10,Mouse Gaming,Accesorios,3,109.39,María Fernández,Sur,56,93312.06
99,2025-11-11,Monitor Dell,Electrónica,2,373.94,Laura Rodríguez,Norte,52,95537.61
252,2025-11-12,Webcam HD,Accesorios,2,96.82,Laura Sánchez,Norte,21,46665.02
74,2025-11-12,Auriculares Logitech,Accesorios,2,118.22,María González,Oeste,56,112640.06
391,2025-11-12,Laptop Dell,Electrónica,2,1343.51,Miguel Sánchez,Este,29,52055.42
204,2025-11-12,Monitor Dell,Electrónica,2,308.76,Sofía Pérez,Norte,39,77985.69
493,2025-11-13,Auriculares Logitech,Accesorios,2,116.88,Sofía Pérez,Oeste,44,66595.17
494,2025-11-14,Mouse Inalámbrico,Accesorios,1,51.28,Diego Sánchez,Sur,36,86996.39
330,2025-11-16,Teclado Inalámbrico,Accesorios,1,53.17,Juan Sánchez,Oeste,44,101581.84
67,2025-11-17,Monitor Dell,Electrónica,1,387.86,Laura González,Norte,26,43615.56
454,2025-11-18,Monitor Samsung,Electrónica,3,339.86,Pedro Martínez,Sur,22,36369.12
421,2025-11-19,Mouse Gaming,Accesorios,1,103.27,Ana González,Norte,49,73534.6
218,2025-11-20,Mouse Gaming,Accesorios,3,56.33,María Rodríguez,Sur,23,42876.2
160,2025-11-20,Laptop Lenovo,Electrónica,2,1060.29,María Fernández,Norte,44,91136.58
388,2025-11-21,Teclado Mecánico,Accesorios,1,120.83,Miguel Sánchez,Norte,47,78271.31
444,2025-11-24,Teclado Inalámbrico,Accesorios,1,80.82,Diego Fernández,Oeste,22,33479.05
5,2025-11-25,Monitor LG,Electrónica,1,317.21,Diego Martínez,Oeste,44,77193.61
269,2025-11-25,Auriculares Logitech,Accesorios,1,140.9,María Pérez,Sur,22,46411.8
497,2025-11-28,Monitor LG,Electrónica,2,321.18,Valentina Rodríguez,Norte,30,49523.66
162,2025-11-29,Webcam Full HD,Accesorios,2,140.08,María García,Este,23,43260.11
344,2025-11-29,Auriculares Sony,Accesorios,3,104.49,Juan Sánchez,Oeste,38,73092.94
331,2025-11-30,Webcam Full HD,Accesorios,3,139.84,Miguel González,Este,23,33418.96
201,2025-12-01,Mouse Inalámbrico,Accesorios,2,49.01,María González,Sur,58,114923.23
385,2025-12-01,Laptop HP,Electrónica,1,1256.98,Laura Fernández,Este,23,49324.16
286,2025-12-02,Webcam Full HD,Accesorios,1,152.34,Valentina Pérez,Oeste,23,70981.99
467,2025-12-04,Laptop Dell,Electrónica,1,1447.67,Sofía López,Norte,21,30000.0
27,2025-12-04,Laptop Dell,Electrónica,3,1198.79,Sofía García,Este,47,80224.19
407,2025-12-05,Mouse Gaming,Accesorios,1,104.69,Pedro Sánchez,Oeste,23,61205.41
54,2025-12-06,Teclado Mecánico,Accesorios,3,146.1,Sofía González,Sur,54,116644.75
212,2025-12-06,Auriculares Sony,Accesorios,2,148.88,Diego Sánchez,Sur,35,72034.29
296,2025-12-08,Monitor LG,Electrónica,2,231.03,Diego López,Este,47,96729.57
396,2025-12-09,Monitor Dell,Electrónica,1,264.52,María García,Oeste,27,58895.94
224,2025-12-09,Auriculares Logitech,Accesorios,3,102.9,Laura Fernández,Sur,40,57759.3
125,2025-12-10,Mouse Gaming,Accesorios,2,84.89,Juan García,Norte,41,71075.32
205,2025-12-11,Laptop HP,Electrónica,1,947.63,Miguel González,Sur,54,88253.19
499,2025-12-12,Laptop Dell,Electrónica,2,1292.33,Diego Martínez,Sur,51,111311.55
231,2025-12-13,Teclado Inalámbrico,Accesorios,2,57.67,Pedro González,Sur,43,78450.5
18,2025-12-14,Webcam Full HD,Accesorios,2,168.33,Miguel Pérez,Sur,52,102732.67
337,2025-12-14,Mouse Gaming,Accesorios,3,99.18,Ana Fernández,Oeste,22,47842.34
185,2025-12-15,Webcam Full HD,Accesorios,3,133.04,Pedro Sánchez,Oeste,22,41983.74
321,2025-12-16,Laptop Dell,Electrónica,3,1420.72,Carlos García,Oeste,35,63824.27
100,2025-12-16,Webcam Full HD,Accesorios,2,98.66,Sofía Pérez,Norte,22,30000.0
268,2025-12-18,Mouse Inalámbrico,Accesorios,2,23.94,Sofía Sánchez,Sur,57,118545.32
190,2025-12-19,Monitor Samsung,Electrónica,2,301.9,María García,Norte,60,111773.97
340,2025-12-21,Mouse Gaming,Accesorios,1,73.19,Sofía Fernández,Este,39,58271.97
378,2025-12-21,Webcam Full HD,Accesorios,3,82.45,Sofía López,Sur,32,54150.97
93,2025-12-21,Mouse Inalámbrico,Accesorios,1,54.73,Ana Pérez,Este,41,85487.27
41,2025-12-21,Webcam HD,Accesorios,2,64.83,María García,Oeste,32,49767.34
130,2025-12-25,Laptop Dell,Electrónica,3,1167.18,Carlos Sánchez,Sur,29,58237.02
192,2025-12-26,Mouse Inalámbrico,Accesorios,1,26.7,Carlos López,Sur,28,59925.24
118,2025-12-26,Monitor Samsung,Electrónica,2,277.24,Laura Fernández,Oeste,42,95275.94
207,2025-12-27,Mouse Inalámbrico,Accesorios,2,37.95,Juan Rodríguez,Oeste,27,67607.6
142,2025-12-28,Mouse Inalámbrico,Accesorios,1,48.81,Laura Rodríguez,Este,50,101175.92
313,2025-12-29,Webcam HD,Accesorios,2,95.31,Sofía Fernández,Norte,47,83134.93
279,2025-12-30,Mouse Inalámbrico,Accesorios,1,42.32,Pedro López,Norte,23,43309.77
318,2025-12-30,Laptop HP,Electrónica,1,955.37,Miguel Rodríguez,Oeste,53,102441.93
