fecha,categoria,zona,ticket_promedio,edad_cliente,ingreso_anual
2025-01-01,Alimentos,Sur,206.4604979381203,54,42202.876311430366
2025-01-02,Hogar,Centro,77.23101171345859,21,18086.52640934436
2025-01-04,Bebidas,Sur,50.0,27,26065.362026142302
2025-01-04,Bebidas,Centro,50.0,43,33948.26363972758
2025-01-05,Hogar,Sur,50.0,31,20184.15401140148
2025-01-05,Bebidas,Sur,113.37422531836805,57,43018.52748201508
2025-01-05,Bebidas,Sur,147.41977473073106,29,35098.2001275059
2025-01-06,Alimentos,Sur,51.795642665073665,18,15000.0
2025-01-06,Alimentos,Centro,228.13560221696616,66,43950.12538793997
2025-01-07,Hogar,Norte,50.0,22,15000.0
2025-01-07,Bebidas,Sur,198.94650173130498,35,25190.00177086255
2025-01-07,Alimentos,Centro,58.54808270802455,30,35400.92612643722
2025-01-07,Alimentos,Sur,108.36015795332875,54,36460.620581085015
2025-01-07,Bebidas,Centro,75.70893970294149,42,44949.072600203544
2025-01-07,Hogar,Centro,55.356481127702466,49,39521.574803106974
2025-01-08,Bebidas,Centro,108.93554864048039,31,23379.35406347795
2025-01-08,Hogar,Centro,84.45042707840565,32,18206.077268595232
2025-01-09,Hogar,Sur,233.02153592530988,51,41457.26067878125
2025-01-09,Alimentos,Norte,231.89720700236174,65,42480.21632984122
2025-01-10,Bebidas,Norte,189.9084200558734,57,48293.24491460892
2025-01-10,Hogar,Sur,50.0,65,43181.772655761924
2025-01-10,Bebidas,Sur,50.0,23,15000.0
2025-01-10,Hogar,Norte,209.2297637292628,61,54811.27085658221
2025-01-10,Electrónica,Norte,262.41250040092433,56,49612.373669991226
2025-01-11,Alimentos,Sur,206.75183006953037,42,17457.917437975528
2025-01-11,Hogar,Centro,307.38281258005185,55,59021.55569826096
2025-01-11,Alimentos,Sur,233.96531985038362,54,51663.529150230504
2025-01-12,Bebidas,Sur,202.230288157024,54,38629.24872875127
2025-01-12,Bebidas,Centro,194.53114023097538,57,41849.72551077401
2025-01-12,Bebidas,Centro,131.48941427156012,20,15000.0
2025-01-13,Bebidas,Centro,50.0,35,18432.862796029516
2025-01-13,Electrónica,Centro,50.0,43,29633.167479428375
2025-01-14,Hogar,Norte,145.4531887394819,36,38573.05748972657
2025-01-14,Hogar,Norte,232.88393235256672,45,42598.13460717409
2025-01-14,Alimentos,Norte,50.0,33,25393.603425501627
2025-01-14,Electrónica,Sur,170.43853145053612,67,65166.06693726022
2025-01-14,Bebidas,Centro,96.57695646925804,54,37221.72287617186
2025-01-15,Electrónica,Centro,159.54729492604523,47,38439.26111105217
2025-01-15,Hogar,Centro,50.0,21,15000.0
2025-01-15,Bebidas,Norte,186.7293165381791,57,51583.358665649626
2025-01-16,Bebidas,Sur,60.865687965066144,63,50739.897835067466
2025-01-17,Hogar,Centro,116.2288259448095,24,23405.044670173465
2025-01-17,Hogar,Centro,134.55805902719334,50,41432.21396176164
2025-01-17,Electrónica,Sur,201.03400112908258,50,34509.52613741574
2025-01-18,Alimentos,Norte,151.63462022437167,53,45557.005330129876
2025-01-18,Hogar,Centro,50.0,23,15000.0
2025-01-19,Bebidas,Sur,160.43264200086185,44,47372.316651285015
2025-01-19,Bebidas,Norte,96.38028666731526,37,29265.483135534803
2025-01-19,Hogar,Norte,143.4610792903905,41,36726.877325902504
2025-01-19,Bebidas,Sur,122.96901313335135,18,15000.0
2025-01-20,Electrónica,Centro,228.97152444377122,31,38506.14349330269
2025-01-20,Bebidas,Sur,197.6260522486616,69,64668.77249441167
2025-01-20,Hogar,Norte,50.0,20,18705.980328715905
2025-01-21,Hogar,Norte,164.09366863289551,51,42938.06023658846
2025-01-21,Alimentos,Norte,59.78115213984625,22,15000.0
2025-01-22,Alimentos,Sur,263.8498684221449,53,41792.36040382234
2025-01-23,Bebidas,Norte,309.5234782385377,63,60387.288388548994
2025-01-23,Electrónica,Norte,178.4129785398612,63,50763.939294824864
2025-01-23,Hogar,Centro,170.4730846538999,55,38890.10372264375
2025-01-23,Alimentos,Norte,222.7712496568556,65,57735.53199822415
2025-01-25,Alimentos,Centro,256.01126853726777,57,48898.86030031033
2025-01-25,Bebidas,Sur,163.13530525486703,51,44231.296030469086
2025-01-25,Electrónica,Sur,284.1586699631303,28,39869.49289537888
2025-01-25,Alimentos,Norte,288.77869300194453,69,51423.45263251254
2025-01-25,Bebidas,Centro,99.58788163371896,47,34694.47635429131
2025-01-26,Electrónica,Centro,88.94909674768323,43,34076.98832485612
2025-01-26,Hogar,Norte,201.96601673687448,46,32329.04639658763
2025-01-26,Bebidas,Centro,102.6250867444253,45,40883.69087715835
2025-01-26,Bebidas,Centro,50.0,29,22311.19415655998
2025-01-26,Bebidas,Centro,170.44230662231755,37,35830.462206875236
2025-01-27,Bebidas,Norte,316.6957576147201,60,51858.68697435209
2025-01-27,Hogar,Centro,108.45428233945853,59,40493.434424615356
2025-01-27,Hogar,Sur,125.04061615293097,22,20424.253452726167
2025-01-28,Hogar,Sur,126.26015948862161,61,44829.28284435898
2025-01-28,Alimentos,Centro,157.39506950311443,33,19441.186979039914
2025-01-29,Hogar,Centro,120.59037529331495,36,24525.756797582682
2025-01-29,Bebidas,Norte,50.0,52,26820.951263937473
2025-01-29,Bebidas,Norte,82.13396675453549,38,29345.802558735424
2025-01-29,Hogar,Norte,103.71536341370206,62,47479.21614686207
2025-01-30,Electrónica,Norte,50.0,39,38067.0297344437
2025-01-31,Bebidas,Sur,74.99389376841444,38,19152.01495228033
2025-02-01,Bebidas,Norte,196.2865884694893,50,42636.728196437994
2025-02-01,Alimentos,Sur,242.2660287159609,44,48328.01162251729
2025-02-02,Electrónica,Sur,333.48775188348816,59,56179.66421057716
2025-02-02,Hogar,Centro,288.3944078366487,24,26765.785713093952
2025-02-04,Alimentos,Sur,164.43799563313007,29,35049.38912724898
2025-02-04,Bebidas,Sur,52.10251233141915,30,23905.769415135383
2025-02-04,Bebidas,Norte,246.99972152186564,63,60661.19058970487
2025-02-04,Alimentos,Norte,451.7358450686456,63,73942.24184875452
2025-02-06,Electrónica,Centro,151.8373933601521,25,17559.556853076396
2025-02-06,Hogar,Centro,50.0,33,17867.636047095315
2025-02-06,Alimentos,Centro,113.54832731801169,20,19410.460450993887
2025-02-07,Electrónica,Norte,319.3887177487134,60,52007.39248922611
2025-02-07,Hogar,Sur,243.68173678931407,51,36223.84439447443
2025-02-07,Bebidas,Norte,50.0,49,44499.92406411965
2025-02-08,Bebidas,Sur,91.06773140279459,24,20742.510950808402
2025-02-09,Bebidas,Norte,486.89140680802905,64,56995.75040457423
2025-02-09,Alimentos,Sur,183.41611570158216,34,36236.11650270657
2025-02-09,Electrónica,Sur,50.0,18,19189.23594297175
2025-02-09,Alimentos,Sur,126.09515939551044,53,46330.89298968262
2025-02-10,Hogar,Norte,141.00411367505308,32,25324.73792498437
2025-02-10,Electrónica,Centro,50.0,31,15000.0
2025-02-11,Bebidas,Sur,109.45113451816061,28,34622.831650837354
2025-02-11,Bebidas,Sur,202.48369355881715,50,28275.97153745959
2025-02-11,Electrónica,Sur,149.5884262242063,63,57596.53088997064
2025-02-12,Electrónica,Sur,300.90007348036113,53,49188.00928759087
2025-02-13,Electrónica,Centro,167.07327464013105,21,16600.872081092293
2025-02-13,Alimentos,Sur,131.3157454537029,56,45601.59317610514
2025-02-13,Bebidas,Centro,121.77540090698892,50,44938.90775517372
2025-02-13,Electrónica,Centro,50.0,18,15000.0
2025-02-14,Electrónica,Norte,50.0,20,20305.753820762562
2025-02-14,Bebidas,Centro,88.78615096552623,35,24723.726747743676
2025-02-14,Bebidas,Norte,50.0,23,25142.299801141802
2025-02-14,Electrónica,Centro,312.8511073188918,68,57216.55133267721
2025-02-15,Alimentos,Centro,94.00631202248087,33,30010.34728699759
2025-02-15,Hogar,Centro,147.4670415018931,23,15900.189228548767
2025-02-15,Electrónica,Centro,202.74449790772695,57,52648.56656006825
2025-02-15,Hogar,Centro,202.36074835588968,51,59340.813626484276
2025-02-16,Alimentos,Norte,72.77096404082997,50,28676.690999408587
2025-02-16,Alimentos,Sur,305.6649723345773,69,63054.42225702687
2025-02-16,Hogar,Sur,50.0,34,26402.570440525018
2025-02-17,Electrónica,Centro,147.35736816469546,19,15000.0
2025-02-17,Electrónica,Centro,220.921518702151,36,51391.56683689503
2025-02-17,Hogar,Norte,159.03779862399568,29,24368.255769336552
2025-02-17,Electrónica,Sur,291.85145564396674,65,48808.87401886813
2025-02-18,Alimentos,Norte,109.9682526672898,61,45252.476743418076
2025-02-18,Alimentos,Centro,50.0,43,33620.66207194673
2025-02-18,Alimentos,Centro,109.01224907137058,53,35648.89725904649
2025-02-19,Electrónica,Centro,50.0,18,28723.84122722361
2025-02-19,Hogar,Sur,267.5934034303175,63,56854.39621914654
2025-02-20,Bebidas,Sur,154.11378656608784,27,21756.695838394975
2025-02-20,Alimentos,Norte,182.10486533377443,68,48320.02807601148
2025-02-21,Electrónica,Norte,146.0441843286951,60,49197.259698155896
2025-02-22,Electrónica,Norte,170.8580808488013,48,50729.636717430345
2025-02-23,Bebidas,Centro,269.04939068654755,40,35573.80369537682
2025-02-23,Hogar,Centro,123.8462747559355,48,37814.19746646554
2025-02-23,Electrónica,Sur,121.23551742338822,24,24981.440359653752
2025-02-24,Alimentos,Centro,145.29458825710984,28,16529.683030906206
2025-02-24,Bebidas,Centro,50.0,18,15000.0
2025-02-25,Alimentos,Norte,50.0,25,15000.0
2025-02-25,Electrónica,Centro,159.9683412583845,53,33021.40804239819
2025-02-25,Bebidas,Norte,161.0038723130202,38,21594.836855207803
2025-02-25,Electrónica,Sur,50.0,19,15000.0
2025-02-25,Alimentos,Norte,366.74292582664634,57,39676.45668592852
2025-02-25,Hogar,Norte,64.8208090129264,29,25079.41040696985
2025-02-27,Hogar,Sur,56.277153894409615,21,15000.0
2025-02-27,Alimentos,Norte,50.0,25,18478.53390699692
2025-02-28,Bebidas,Centro,50.0,32,18163.5991011518
2025-03-01,Alimentos,Sur,50.0,18,17062.895412620855
2025-03-01,Alimentos,Norte,50.0,34,30017.265828265718
2025-03-02,Electrónica,Norte,76.78632655571602,46,28106.02840870602
2025-03-02,Alimentos,Centro,242.01491268151878,68,47107.801960342804
2025-03-02,Bebidas,Sur,50.0,24,22747.32240600921
2025-03-03,Alimentos,Sur,199.154318174079,57,46011.000341114224
2025-03-04,Bebidas,Centro,307.54858859722776,43,42076.13033427584
2025-03-04,Bebidas,Sur,126.40384435668393,57,46638.234428626296
2025-03-04,Alimentos,Norte,102.42912357823221,60,29459.518432956324
2025-03-04,Electrónica,Sur,210.19356174439676,59,44924.00187219648
2025-03-04,Hogar,Norte,138.78319977170042,38,33601.12753277053
2025-03-05,Alimentos,Centro,73.74202420478274,28,26346.39453921838
2025-03-06,Hogar,Centro,206.00176945870436,66,50276.060851701935
2025-03-06,Hogar,Norte,213.509748169433,45,43165.356061806466
2025-03-07,Alimentos,Centro,326.014633837057,59,52672.406406017995
2025-03-07,Alimentos,Norte,203.25107946386467,58,42855.44356426802
2025-03-08,Alimentos,Sur,50.0,19,23436.51022296632
2025-03-08,Bebidas,Sur,72.01806175776812,59,35126.80108256873
2025-03-08,Alimentos,Norte,254.60544548100077,64,56656.287810326234
2025-03-09,Alimentos,Sur,50.0,26,20636.27164939786
2025-03-09,Electrónica,Sur,216.47316070389462,56,53896.86449897189
2025-03-10,Bebidas,Centro,137.02986201246028,36,22719.23400932977
2025-03-10,Electrónica,Sur,270.52107078856807,31,34768.448830804664
2025-03-10,Alimentos,Centro,50.0,25,15816.239850764208
2025-03-11,Alimentos,Centro,177.12677944051373,36,33298.49903110686
2025-03-11,Electrónica,Sur,292.5552353045467,52,52262.699078203725
2025-03-12,Alimentos,Centro,241.32998309366243,57,55182.19432127483
2025-03-12,Hogar,Sur,60.83732364492057,29,15000.0
2025-03-12,Electrónica,Centro,50.0,42,42090.09387653054
2025-03-13,Electrónica,Centro,126.74256582339649,50,45452.53578704264
2025-03-13,Alimentos,Centro,238.86541218108943,59,62253.110916382546
2025-03-14,Alimentos,Centro,73.70730646806324,21,18803.101135947567
2025-03-14,Electrónica,Centro,73.48736374568614,61,41409.16980715918
2025-03-16,Electrónica,Sur,266.465774083746,47,53602.859562286736
2025-03-16,Electrónica,Centro,325.67993197893105,61,40524.84824428221
2025-03-16,Electrónica,Norte,176.60003357088658,18,15000.0
2025-03-18,Hogar,Sur,335.460621640545,50,53121.39563110843
2025-03-18,Bebidas,Norte,50.0,38,32221.72153932409
2025-03-19,Hogar,Sur,130.18123010858457,23,15000.0
2025-03-19,Electrónica,Sur,189.2464488673874,48,42298.38890810155
2025-03-19,Hogar,Sur,202.50653320826876,64,42034.188454379124
2025-03-20,Alimentos,Sur,166.8672355955942,62,54272.82823762442
2025-03-20,Hogar,Norte,50.0,21,23502.14318983066
2025-03-22,Alimentos,Centro,243.02203284699772,28,35551.54560496908
2025-03-22,Electrónica,Norte,190.02371280513955,38,29453.896677176013
2025-03-23,Hogar,Norte,171.51177214491963,40,40817.38447510178
2025-03-23,Electrónica,Norte,161.4164558442158,41,35052.524740958266
2025-03-23,Electrónica,Norte,126.69764851511783,32,24261.20023537924
2025-03-24,Electrónica,Centro,62.70186083148657,62,41821.177581083684
2025-03-24,Electrónica,Centro,50.0,40,37129.70674678635
2025-03-24,Alimentos,Centro,189.0937352493808,59,39123.932620077874
2025-03-25,Bebidas,Centro,151.1889682616808,39,32182.38708863491
2025-03-25,Hogar,Sur,50.0,36,32639.898157077576
2025-03-25,Electrónica,Centro,240.28492079831227,64,68001.08989796932
2025-03-26,Bebidas,Sur,56.18158351068115,25,15000.0
2025-03-26,Alimentos,Norte,266.43587982016265,37,40787.81877474292
2025-03-27,Electrónica,Sur,232.6466626756444,69,55420.10519767918
2025-03-27,Bebidas,Sur,121.36989853791961,55,45061.04470474711
2025-03-27,Electrónica,Centro,195.3143833756081,24,24347.31808736595
2025-03-27,Electrónica,Sur,65.07625253859547,65,52127.00505093064
2025-03-27,Alimentos,Centro,264.11697735053747,46,42370.279763917875
2025-03-27,Electrónica,Sur,196.919038375039,59,45122.02360885535
2025-03-28,Bebidas,Norte,171.4757575418118,24,24052.707797983006
2025-03-28,Alimentos,Sur,98.16990267731524,50,40950.33429409275
2025-03-28,Hogar,Centro,198.68526743975374,37,16783.98661138103
2025-03-29,Electrónica,Sur,121.1418926342913,32,15050.601662199353
2025-03-29,Electrónica,Norte,317.8153814189389,66,56598.52998645597
2025-03-29,Hogar,Norte,219.06298721617011,54,51982.579388927916
2025-03-30,Electrónica,Centro,101.02996755703067,24,23070.361769044262
2025-03-30,Electrónica,Sur,208.09489676485282,65,51358.06613263007
2025-03-30,Hogar,Centro,50.0,21,15000.0
2025-03-30,Electrónica,Norte,280.79179004363993,61,62150.67519787477
2025-03-30,Electrónica,Sur,62.97006251175961,37,28873.982814473195
2025-03-31,Bebidas,Sur,171.48849785104065,37,35455.32510189501
2025-03-31,Alimentos,Centro,250.432351245174,56,41485.06426136998
2025-03-31,Bebidas,Sur,168.7349570322415,68,39918.67380247873
2025-03-31,Bebidas,Norte,119.2943395751875,45,34924.22373678506
2025-04-01,Bebidas,Centro,163.0453467819677,44,25029.975967973733
2025-04-02,Electrónica,Norte,414.4522194295667,66,54185.331915760726
2025-04-02,Electrónica,Norte,86.31301816798613,40,26775.459146534242
2025-04-02,Electrónica,Norte,128.67786608654845,51,32751.319702142064
2025-04-03,Electrónica,Sur,254.99028757704693,65,49195.8030563314
2025-04-04,Alimentos,Norte,50.0,23,21284.70084246603
2025-04-04,Electrónica,Centro,52.7817223942092,49,23564.014868937596
2025-04-05,Hogar,Norte,417.0131934382502,65,58543.18600845111
2025-04-05,Hogar,Centro,123.36748009069814,37,19896.02129282397
2025-04-05,Electrónica,Sur,274.78006805140626,63,59819.82209713218
2025-04-05,Alimentos,Norte,125.0501944219159,33,18247.755298415206
2025-04-05,Hogar,Centro,50.0,18,15000.0
2025-04-06,Alimentos,Sur,124.37448955824019,38,17146.489369807863
2025-04-06,Alimentos,Norte,50.31224950705165,20,23635.72981085995
2025-04-06,Hogar,Centro,118.17374443489865,25,15000.0
2025-04-06,Bebidas,Norte,292.4080953753298,60,55266.095268215315
2025-04-07,Bebidas,Norte,50.0,24,17764.546383530258
2025-04-07,Hogar,Sur,93.48058241613379,29,25327.44047760797
2025-04-07,Electrónica,Centro,171.64716865046262,53,40021.726656615385
2025-04-07,Alimentos,Sur,312.67490192436344,37,29801.06039111624
2025-04-07,Electrónica,Norte,249.345296099281,66,60393.8467839912
2025-04-08,Bebidas,Norte,144.3910847634059,65,57029.60795307223
2025-04-08,Bebidas,Centro,181.76365926962674,42,41390.43506839453
2025-04-10,Electrónica,Sur,50.0,46,26022.8345337985
2025-04-11,Bebidas,Norte,226.58588821487066,42,35033.44917554589
2025-04-12,Hogar,Centro,68.16173996538342,37,27206.88395147603
2025-04-12,Bebidas,Sur,149.77061508045776,42,29581.244031240774
2025-04-13,Electrónica,Sur,259.8848179885349,51,50619.68718720799
2025-04-13,Alimentos,Norte,110.45461082922694,40,35831.87728406342
2025-04-13,Alimentos,Sur,96.9418497788923,41,36380.41377766991
2025-04-14,Hogar,Norte,119.25519751891368,60,43197.79115809784
2025-04-14,Electrónica,Centro,150.26482396777374,23,20421.32908533764
2025-04-15,Bebidas,Sur,186.43117099801503,21,20578.75586788164
2025-04-15,Bebidas,Sur,50.0,27,15000.0
2025-04-16,Hogar,Sur,210.5706057511719,32,24709.858851196357
2025-04-16,Hogar,Sur,225.10496240544566,43,28977.232436838214
2025-04-16,Hogar,Sur,79.62842068716043,19,15000.0
2025-04-16,Electrónica,Norte,78.04585409613699,49,33727.07560070563
2025-04-16,Alimentos,Centro,259.87530322550214,69,51724.48619458711
2025-04-16,Electrónica,Sur,136.5693046440446,19,32415.540101048093
2025-04-17,Bebidas,Sur,214.62305348010716,26,23115.819711052092
2025-04-17,Bebidas,Norte,273.70892632836535,46,48028.774140676316
2025-04-17,Hogar,Norte,117.31896603971165,52,40038.02053744385
2025-04-18,Electrónica,Sur,220.1856025721193,45,37277.459605204895
2025-04-18,Alimentos,Norte,281.0581598602174,68,59729.268165750385
2025-04-18,Alimentos,Centro,230.6134387378947,58,42839.95424273977
2025-04-18,Hogar,Norte,200.06403009736414,46,38267.467424555456
2025-04-18,Bebidas,Norte,77.64363252400341,66,48613.19063133101
2025-04-19,Alimentos,Centro,63.873674841402575,21,21444.28854134346
2025-04-19,Electrónica,Norte,113.25049703259725,44,40913.421826456295
2025-04-19,Electrónica,Norte,117.07066046821835,19,15000.0
2025-04-19,Electrónica,Centro,53.06613000115179,40,20777.991188173157
2025-04-19,Electrónica,Centro,57.893308731559266,24,22397.443353350034
2025-04-20,Electrónica,Centro,281.32726477977593,66,59931.66844937459
2025-04-20,Hogar,Norte,210.96665368075392,61,47611.28046631887
2025-04-20,Alimentos,Norte,170.82278927944367,53,43493.802652222985
2025-04-21,Electrónica,Sur,242.06966644372284,44,44539.59664216559
2025-04-21,Alimentos,Norte,256.48933818641876,45,30927.555768098064
2025-04-21,Electrónica,Sur,51.3038607367164,45,25858.705446292824
2025-04-22,Electrónica,Sur,272.9583464700199,60,47050.46579573933
2025-04-22,Electrónica,Sur,191.0138642432053,30,22578.848960096562
2025-04-22,Electrónica,Centro,283.55617608177226,31,39063.77239305329
2025-04-22,Electrónica,Centro,269.30005370549463,69,66137.74738615614
2025-04-22,Electrónica,Sur,75.47771041279617,27,27474.304421667337
2025-04-23,Hogar,Norte,51.52419136214162,19,26729.510750077105
2025-04-23,Alimentos,Norte,159.7294394127306,48,43396.81860990872
2025-04-24,Bebidas,Centro,113.90508031968902,67,39905.807050763775
2025-04-24,Bebidas,Centro,341.1213727555457,57,38777.05561419729
2025-04-24,Electrónica,Sur,162.39962955561867,21,15000.0
2025-04-24,Bebidas,Sur,119.97680122087303,31,33048.71618832336
2025-04-25,Electrónica,Centro,195.10303868052972,42,30722.22341166772
2025-04-25,Hogar,Sur,50.0,21,15000.0
2025-04-26,Bebidas,Sur,50.0,34,21158.11885849914
2025-04-26,Alimentos,Sur,50.0,22,21482.00401301478
2025-04-26,Alimentos,Centro,307.14465980354976,46,45013.55422902604
2025-04-26,Electrónica,Sur,198.47346840727246,65,50263.260578561945
2025-04-26,Alimentos,Norte,57.354662958511845,20,17523.308414464227
2025-04-27,Hogar,Norte,260.3598232793946,67,58737.825483660024
2025-04-27,Hogar,Centro,160.6321311210388,36,42796.126957154665
2025-04-28,Bebidas,Norte,461.1823306815121,63,67752.92560415683
2025-04-28,Alimentos,Centro,180.9483132200107,32,29514.982245958403
2025-04-28,Hogar,Sur,84.19840336593128,60,42251.0545621151
2025-04-29,Alimentos,Sur,132.36212221601377,47,34250.90528754623
2025-04-29,Bebidas,Sur,313.13862159333684,67,56000.89560006324
2025-04-29,Electrónica,Sur,124.60576353058462,66,51244.71403767138
2025-04-29,Alimentos,Norte,88.16026129047506,47,37233.41527446442
2025-04-29,Alimentos,Sur,93.50368429130666,38,34597.320646867185
2025-04-30,Bebidas,Sur,119.87979640400481,25,23472.760211805184
2025-04-30,Electrónica,Centro,50.0,23,22112.70187480619
2025-05-01,Alimentos,Centro,129.70664235219897,35,19312.78862903609
2025-05-01,Bebidas,Sur,177.7550151582434,50,41412.22678645238
2025-05-01,Hogar,Centro,67.21616216632623,21,24275.00869167184
2025-05-02,Hogar,Sur,203.01728701327957,30,36124.51989973821
2025-05-02,Bebidas,Norte,130.0173764863437,27,32276.786556138635
2025-05-03,Hogar,Norte,76.89439309203448,20,23516.361835959426
2025-05-04,Electrónica,Norte,102.69635824533873,34,25463.957117814203
2025-05-04,Alimentos,Norte,50.0,27,22831.01679807078
2025-05-04,Alimentos,Sur,50.0,32,15000.0
2025-05-04,Electrónica,Norte,248.600644587763,59,35733.55606837
2025-05-04,Electrónica,Sur,50.0,36,29145.56965895773
2025-05-04,Bebidas,Sur,163.77978992178672,20,15000.0
2025-05-05,Alimentos,Norte,225.82240411400085,43,27872.09808111171
2025-05-05,Bebidas,Sur,50.0,39,39652.67948241428
2025-05-05,Bebidas,Centro,166.3019563159346,55,39234.79170839965
2025-05-05,Alimentos,Sur,315.35927324793215,67,64094.58102156764
2025-05-06,Bebidas,Norte,81.64958926885524,21,25879.845221229818
2025-05-06,Electrónica,Sur,169.44100924424276,47,28875.505654939967
2025-05-06,Bebidas,Sur,143.90766348322813,58,48075.56074888576
2025-05-07,Electrónica,Centro,50.0,23,15000.0
2025-05-07,Bebidas,Sur,82.59379939126,22,15000.0
2025-05-07,Bebidas,Sur,206.86221394696332,61,49047.62657492533
2025-05-07,Hogar,Centro,194.2840717864185,51,36901.48727182948
2025-05-08,Bebidas,Centro,50.0,23,21121.45350813698
2025-05-08,Alimentos,Centro,231.67570255080963,35,34981.284244300696
2025-05-08,Bebidas,Centro,217.2043433015595,59,48658.72539672401
2025-05-09,Alimentos,Norte,50.0,21,15000.0
2025-05-10,Hogar,Sur,141.83577222462367,26,15000.0
2025-05-11,Bebidas,Norte,243.35653038145733,67,53156.1455743588
2025-05-11,Alimentos,Sur,50.0,27,24240.089297622893
2025-05-11,Hogar,Norte,309.0683372732749,55,42580.97167961138
2025-05-11,Hogar,Sur,115.77354186266936,67,56694.91514352389
2025-05-11,Bebidas,Norte,58.38562879099723,26,18683.77237913667
2025-05-11,Bebidas,Sur,199.5249191989759,53,39521.31485600165
2025-05-12,Electrónica,Sur,251.68126481861427,64,52718.24292937969
2025-05-12,Electrónica,Norte,72.56120097464708,37,39036.9972564696
2025-05-12,Hogar,Norte,121.56238136831229,64,57481.883173658396
2025-05-13,Hogar,Sur,210.28666902815144,51,48875.19866244123
2025-05-13,Hogar,Sur,258.774986928092,52,49013.42933248757
2025-05-13,Hogar,Sur,203.97558307852756,35,17842.89591658995
2025-05-13,Electrónica,Sur,199.06300416915843,68,46402.008085373294
2025-05-14,Bebidas,Sur,58.92756109352702,34,22557.881611024626
2025-05-14,Hogar,Centro,112.33772549111914,23,15000.0
2025-05-15,Hogar,Centro,109.65632699899096,36,37251.66545331599
2025-05-15,Alimentos,Sur,156.66559036327783,35,21119.540706681888
2025-05-15,Bebidas,Centro,183.41928265205482,49,43168.43604724934
2025-05-15,Hogar,Norte,129.55096823326375,60,44242.227032093426
2025-05-16,Alimentos,Norte,50.0,30,22097.121297548576
2025-05-16,Bebidas,Centro,81.47317115799589,18,15000.0
2025-05-16,Alimentos,Norte,106.16746758338508,25,25270.100031088274
2025-05-17,Hogar,Centro,50.0,43,43307.795352892106
2025-05-17,Bebidas,Centro,208.24198602665686,53,43051.50034870013
2025-05-17,Electrónica,Centro,76.25705432379308,45,43445.885195884846
2025-05-17,Alimentos,Norte,157.45757988408744,50,43265.621315361226
2025-05-17,Alimentos,Norte,111.36816138668739,19,18999.337471792795
2025-05-18,Hogar,Centro,331.2098069463236,57,43938.141482442195
2025-05-19,Alimentos,Centro,125.70490025918112,37,27029.124674447612
2025-05-19,Alimentos,Norte,68.79728263656516,25,15000.0
2025-05-19,Bebidas,Sur,167.02917979446926,65,59414.57758819541
2025-05-19,Electrónica,Norte,155.96791247609255,22,15000.0
2025-05-19,Bebidas,Centro,50.0,27,34835.20607762733
2025-05-21,Electrónica,Sur,335.5568583055506,57,57858.97593135768
2025-05-21,Alimentos,Norte,123.11268893059638,38,28627.89009314902
2025-05-23,Bebidas,Centro,358.6890367797631,54,50182.03657983467
2025-05-23,Bebidas,Norte,64.87468182934899,19,17017.32370266757
2025-05-23,Hogar,Norte,50.0,26,27507.645001196186
2025-05-23,Hogar,Norte,70.34068602626317,47,34464.7277651887
2025-05-23,Hogar,Norte,50.0,32,24412.568030174618
2025-05-23,Bebidas,Centro,50.0,24,23223.630133275015
2025-05-23,Bebidas,Sur,327.4220684068887,34,35579.736374767206
2025-05-24,Hogar,Norte,50.34092324782989,58,61317.85105311053
2025-05-24,Bebidas,Norte,419.9537335666388,69,62487.2460797364
2025-05-25,Bebidas,Norte,193.84090832497083,61,54809.847517337745
2025-05-25,Alimentos,Sur,227.92859544724058,55,53871.041710862504
2025-05-25,Hogar,Sur,50.0,29,15000.0
2025-05-25,Bebidas,Centro,306.08398822321203,68,57926.91294493334
2025-05-26,Alimentos,Centro,131.09559224615145,47,21284.088986086223
2025-05-26,Alimentos,Norte,178.22628777698816,48,37074.52814298467
2025-05-26,Hogar,Sur,76.33945674809135,18,15304.52943162591
2025-05-27,Bebidas,Norte,246.31262220779828,35,30588.958294094897
2025-05-27,Alimentos,Sur,50.0,64,43493.13114196698
2025-05-29,Alimentos,Sur,50.0,28,23852.980929992824
2025-05-29,Alimentos,Sur,130.09700472485582,59,30118.482051308845
2025-05-29,Bebidas,Norte,103.39148102277548,23,15000.0
2025-05-30,Alimentos,Sur,270.66478869330047,55,50565.471223975874
2025-05-30,Alimentos,Centro,50.0,50,32422.489259970793
2025-05-30,Hogar,Sur,105.81756632562694,44,42287.296700291816
2025-05-31,Electrónica,Sur,103.35363602781086,66,56773.178438950265
2025-05-31,Electrónica,Sur,132.2014726490658,45,34783.54019805335
2025-06-01,Bebidas,Sur,79.69689689123314,38,32412.344276554515
2025-06-01,Alimentos,Centro,50.0,26,19494.25307748439
2025-06-01,Electrónica,Sur,108.9514709325804,33,17829.97365401913
2025-06-02,Hogar,Norte,252.35443029773552,65,48712.9485308362
2025-06-02,Alimentos,Centro,50.0,23,15000.0
2025-06-03,Hogar,Centro,113.24283548181413,48,35701.87418453989
2025-06-03,Alimentos,Sur,59.79854937576045,58,28931.378474328158
2025-06-03,Alimentos,Norte,202.00924932861804,32,18403.833836541533
2025-06-03,Hogar,Centro,223.73912317948327,49,38926.623961059515
2025-06-04,Hogar,Centro,170.6714313616445,47,37237.987988177614
2025-06-04,Alimentos,Centro,50.0,49,46017.27126832265
2025-06-04,Hogar,Sur,127.3488827974237,21,20596.220290683043
2025-06-05,Hogar,Centro,115.79135771529533,22,27102.8830478112
2025-06-05,Hogar,Centro,167.41732035396714,67,56119.32415778418
2025-06-05,Electrónica,Norte,235.80454553050566,41,35893.00464555266
2025-06-05,Hogar,Norte,338.58089572889077,53,60696.870510568566
2025-06-05,Electrónica,Sur,394.3026565975538,64,73329.24182680901
2025-06-06,Hogar,Centro,219.43189736244906,44,43345.01081268993
2025-06-06,Bebidas,Norte,357.5947246162459,60,51093.18958222471
2025-06-06,Alimentos,Norte,201.67062788619603,23,36171.10214895699
2025-06-06,Hogar,Sur,221.14462569513466,53,50422.134878077595
2025-06-06,Hogar,Norte,208.66513352011202,69,51394.03220273751
2025-06-06,Electrónica,Sur,50.0,43,28623.721357768147
2025-06-07,Electrónica,Norte,146.78051115731492,27,15000.0
2025-06-07,Hogar,Sur,151.57595020784888,68,45319.23167576772
2025-06-07,Bebidas,Sur,50.0,47,25987.09827760484
2025-06-08,Alimentos,Norte,132.5836218428833,29,28218.22975801228
2025-06-09,Hogar,Sur,121.28398779815012,46,40714.797205812494
2025-06-10,Hogar,Sur,221.90978288524542,59,37564.4460232197
2025-06-10,Bebidas,Centro,285.1277121217907,64,63960.61259563421
2025-06-10,Alimentos,Centro,220.75114639112812,33,27290.87908667749
2025-06-10,Hogar,Norte,50.0,29,27721.51152452673
2025-06-11,Alimentos,Sur,277.07480437920805,20,15000.0
2025-06-11,Hogar,Norte,169.80573503132558,61,49342.55356697267
2025-06-11,Electrónica,Norte,158.41614486008316,18,15000.0
2025-06-11,Hogar,Norte,156.19320171431625,63,45355.6094208768
2025-06-11,Bebidas,Norte,275.92570720009775,44,47049.005258975936
2025-06-11,Bebidas,Sur,205.0240768201282,22,15000.0
2025-06-12,Electrónica,Norte,212.9889116112057,42,40173.01435021044
2025-06-13,Electrónica,Sur,348.48285014379377,66,55516.01819496569
2025-06-13,Alimentos,Sur,94.34377479536052,23,15000.0
2025-06-13,Bebidas,Norte,76.3592540994432,57,46319.92962806479
2025-06-13,Bebidas,Norte,171.28791263867555,54,36440.079789884665
2025-06-13,Bebidas,Norte,57.548026860343825,26,15000.0
2025-06-14,Alimentos,Sur,348.95201262462894,39,39040.37365711557
2025-06-14,Hogar,Norte,50.0,21,25778.630626077793
2025-06-14,Bebidas,Centro,50.0,54,34511.75805884809
2025-06-14,Hogar,Sur,150.6575778027504,34,31630.76349756967
2025-06-15,Electrónica,Sur,253.92587861670813,47,33165.53696804454
2025-06-15,Hogar,Centro,304.65977104462,57,53930.46057142236
2025-06-15,Hogar,Norte,244.83270288861374,67,47150.94696433026
2025-06-16,Hogar,Sur,131.25019080150267,60,37412.827739301065
2025-06-16,Electrónica,Sur,115.63523803904924,19,21522.6030353811
2025-06-16,Electrónica,Norte,84.90804961298886,64,39636.96123703495
2025-06-16,Bebidas,Centro,268.35761709494096,54,42563.85322937102
2025-06-16,Electrónica,Norte,200.41414732750033,59,47118.450719804954
2025-06-16,Alimentos,Sur,50.0,35,24859.59801530894
2025-06-16,Hogar,Norte,140.34570678124857,41,32361.705671663676
2025-06-17,Bebidas,Centro,272.98936448898553,51,49717.77970230045
2025-06-17,Electrónica,Norte,168.51700958308066,57,39553.17750260353
2025-06-17,Hogar,Norte,82.32640622495906,18,20558.239234776207
2025-06-17,Hogar,Sur,69.04879289295135,33,26999.300092704416
2025-06-20,Hogar,Sur,377.66371012057266,64,69125.73956189811
2025-06-20,Bebidas,Norte,192.32321394590028,53,47974.434764557394
2025-06-20,Alimentos,Sur,132.61437358385845,50,40443.321864626145
2025-06-20,Electrónica,Norte,70.44751628610317,18,19171.932242433242
2025-06-21,Bebidas,Norte,127.03013768743861,50,41502.49605288719
2025-06-21,Bebidas,Norte,50.0,27,31826.521702898404
2025-06-21,Hogar,Sur,298.04259410511895,63,61789.08055439008
2025-06-21,Hogar,Centro,77.80535970403537,51,43236.910340863324
2025-06-22,Alimentos,Centro,151.05868265582728,22,15000.0
2025-06-22,Hogar,Norte,219.74377894242454,55,46302.52363313169
2025-06-23,Hogar,Centro,119.21204041179318,35,20078.79403477327
2025-06-23,Bebidas,Centro,135.53824094793677,38,33600.59017970795
2025-06-23,Hogar,Norte,275.19967153011567,54,52606.47382756711
2025-06-26,Bebidas,Norte,212.17802859440695,48,47531.75450641973
2025-06-26,Bebidas,Sur,212.70973880620423,53,50335.31343617496
2025-06-26,Alimentos,Norte,225.0909027389732,61,37700.674415212925
2025-06-27,Bebidas,Centro,50.0,26,30854.833540040065
2025-06-27,Alimentos,Centro,177.8262136110667,21,32268.03375260104
2025-06-27,Bebidas,Centro,111.8184081511553,43,33402.83300286538
2025-06-28,Hogar,Sur,253.50742389824867,59,42823.447595267535
2025-06-29,Bebidas,Centro,292.3341837128395,53,44073.17013384274
2025-06-29,Alimentos,Norte,150.9947728474854,55,36739.85554612295
2025-06-29,Hogar,Norte,127.02921271293377,33,23483.567512711343
2025-06-29,Electrónica,Centro,50.0,19,15000.0
2025-06-29,Alimentos,Centro,201.64317437590142,26,23367.30909010326
2025-06-29,Hogar,Sur,311.25775234535047,69,50604.27764703227
2025-06-30,Alimentos,Sur,242.40434078301558,52,39720.91262739375
2025-06-30,Electrónica,Centro,50.0,44,27697.638004818786
2025-06-30,Bebidas,Centro,204.74076869011583,31,33133.73639251791
2025-07-01,Alimentos,Centro,65.45287870007462,35,31563.5244268204
2025-07-01,Alimentos,Sur,342.60994488468623,66,56672.39267741628
2025-07-02,Hogar,Norte,114.33603041922444,54,40066.785414253914
2025-07-02,Hogar,Norte,234.8423713279078,64,59025.44386116313
2025-07-03,Hogar,Sur,122.93468140834155,47,37368.94493490343
2025-07-03,Hogar,Norte,201.6710773958983,62,51839.589289252515
2025-07-04,Hogar,Norte,257.460227768413,61,45865.64370166907
2025-07-04,Hogar,Centro,339.24882325501426,48,33988.0126996244
2025-07-04,Electrónica,Norte,282.49205649440313,44,35271.67452371886
2025-07-04,Bebidas,Norte,185.66805185683955,40,38285.67656621438
2025-07-04,Alimentos,Sur,271.19463182797097,55,47379.67707244844
2025-07-05,Alimentos,Centro,55.24298612807931,45,42113.945750189574
2025-07-05,Hogar,Norte,226.51433903321018,39,30401.470919269035
2025-07-05,Electrónica,Norte,84.94844954585243,23,21349.247594196448
2025-07-06,Electrónica,Norte,132.87525830592213,60,43745.11570344534
2025-07-06,Bebidas,Sur,135.44189618915033,19,19549.4181392135
2025-07-07,Hogar,Sur,195.40101035942018,61,51557.397822200764
2025-07-07,Alimentos,Centro,50.0,21,15000.0
2025-07-07,Electrónica,Centro,161.57403799320807,34,38726.29028330653
2025-07-08,Alimentos,Sur,218.77849155903883,57,52479.81267714145
2025-07-09,Alimentos,Centro,155.34109077672701,37,29375.887416242513
2025-07-09,Bebidas,Norte,340.07125954332844,59,48752.05576978701
2025-07-09,Hogar,Norte,278.6538600875857,52,29049.792383494292
2025-07-09,Electrónica,Norte,50.0,33,30765.029126048066
2025-07-10,Bebidas,Centro,227.62094164450633,41,42304.257964744604
2025-07-10,Bebidas,Sur,57.95166591853098,46,27977.704594253722
2025-07-11,Alimentos,Sur,321.0995282595809,49,48449.849244879806
2025-07-11,Bebidas,Centro,195.70015707344496,31,26894.108847674193
2025-07-11,Bebidas,Sur,488.90544132304694,67,71848.64884040004
2025-07-11,Hogar,Sur,236.09009931552606,60,43385.40286243105
2025-07-12,Hogar,Norte,153.89077954756448,24,26845.84045490594
2025-07-12,Electrónica,Norte,62.465717935724,63,39844.44955959783
2025-07-12,Hogar,Sur,335.68081926804496,48,44441.31241238953
2025-07-13,Electrónica,Norte,279.522366452263,57,37811.45600751115
2025-07-13,Hogar,Sur,373.35219168723046,65,56915.46606769689
2025-07-14,Hogar,Sur,231.15995822687984,69,46463.992438895984
2025-07-14,Hogar,Sur,50.0,22,16273.54105413773
2025-07-15,Hogar,Sur,183.52856653668863,58,56797.68581730616
2025-07-15,Electrónica,Centro,239.50275169510687,65,47197.897814535354
2025-07-16,Bebidas,Centro,227.54040503813022,32,35345.60458804762
2025-07-16,Hogar,Sur,130.2210382000784,61,49363.322175396774
2025-07-16,Electrónica,Centro,153.50922240669706,45,29565.892341116603
2025-07-17,Electrónica,Norte,50.0,54,26288.652732939372
2025-07-17,Hogar,Sur,236.45759051585964,63,38668.41187086005
2025-07-17,Alimentos,Sur,346.5782599924761,67,54337.32950214102
2025-07-18,Bebidas,Sur,361.61609115148593,53,52728.56933567966
2025-07-19,Electrónica,Centro,67.98066292317442,18,16132.073605527623
2025-07-19,Electrónica,Sur,207.27950684117704,48,53586.034037688936
2025-07-19,Alimentos,Centro,75.9814284317552,32,26482.462788669927
2025-07-19,Bebidas,Centro,219.26097837296246,61,51410.11157997127
2025-07-20,Bebidas,Norte,176.23894076787292,62,50136.42857171912
2025-07-20,Electrónica,Norte,143.571525250764,39,41661.74120070481
2025-07-20,Electrónica,Sur,62.583337585204895,29,22928.717726730014
2025-07-21,Hogar,Norte,328.0903327053018,53,54734.87745836147
2025-07-21,Alimentos,Sur,94.8269933328452,24,19574.51707431561
2025-07-21,Electrónica,Sur,468.2644315451777,62,58880.953308410695
2025-07-21,Alimentos,Norte,340.12952419621774,35,33126.13536996073
2025-07-22,Alimentos,Sur,158.53151893943965,49,48771.04878128348
2025-07-22,Hogar,Centro,128.75877911133142,21,20741.406731908846
2025-07-22,Bebidas,Centro,167.8985488428305,18,15000.0
2025-07-22,Alimentos,Centro,91.8665192390297,36,23999.340210392325
2025-07-23,Electrónica,Sur,50.0,24,15000.0
2025-07-24,Bebidas,Norte,52.717420044423264,30,17572.650153787083
2025-07-24,Alimentos,Centro,153.8870569863086,45,50437.756970387294
2025-07-24,Alimentos,Norte,87.39771602321727,22,24384.757354361172
2025-07-24,Electrónica,Centro,293.4978859782385,68,49407.43499736272
2025-07-25,Hogar,Norte,211.34748291880553,59,42504.035598173796
2025-07-25,Alimentos,Centro,133.4825841130306,24,30782.697560259392
2025-07-25,Bebidas,Centro,94.00406737027764,19,23682.805195694295
2025-07-26,Electrónica,Sur,263.46967959044,56,42368.7817961388
2025-07-26,Hogar,Sur,50.0,18,15000.0
2025-07-27,Alimentos,Centro,50.0,38,15000.0
2025-07-27,Bebidas,Sur,167.41782097733062,49,45412.41295975683
2025-07-27,Hogar,Sur,404.8092388540664,56,37968.735646467954
2025-07-27,Bebidas,Sur,259.7335392806627,64,50319.10731312528
2025-07-27,Electrónica,Centro,242.41754398609447,33,42585.78771179825
2025-07-27,Electrónica,Norte,92.96041933725812,63,39487.81690863768
2025-07-28,Electrónica,Centro,179.36438780980393,59,60276.80098931695
2025-07-28,Hogar,Sur,50.0,22,15000.0
2025-07-28,Bebidas,Norte,50.0,33,22911.80992019379
2025-07-29,Bebidas,Sur,138.17724758349166,30,30363.812132187362
2025-07-29,Alimentos,Centro,77.7630227390499,32,18102.486134573322
2025-07-29,Alimentos,Norte,50.0,24,15000.0
2025-07-30,Bebidas,Sur,113.02437563180602,38,25076.038462751996
2025-07-31,Bebidas,Centro,83.46726588006524,45,27665.903664615606
2025-08-01,Hogar,Centro,380.8882411570428,68,51210.441738520974
2025-08-01,Alimentos,Centro,50.0,40,29354.22329137841
2025-08-01,Alimentos,Centro,50.0,30,15000.0
2025-08-02,Alimentos,Sur,93.9527769693279,39,23947.942598911584
2025-08-02,Bebidas,Centro,222.49513404676514,48,43036.68510266108
2025-08-03,Electrónica,Norte,220.37730093855978,56,38096.34314261426
2025-08-03,Hogar,Norte,286.6541653688451,63,46337.074844812334
2025-08-03,Electrónica,Sur,74.88300301705624,37,28786.853653850638
2025-08-03,Hogar,Norte,307.24830094268174,46,48791.912092820734
2025-08-03,Electrónica,Centro,106.44832305627239,24,15279.355906239469
2025-08-03,Electrónica,Norte,50.0,33,23761.447790630045
2025-08-03,Bebidas,Sur,276.87302337971556,54,42607.858808141376
2025-08-03,Electrónica,Sur,50.0,19,15000.0
2025-08-04,Alimentos,Sur,220.27361030339534,33,29704.26120205772
2025-08-04,Bebidas,Norte,260.33298802473655,37,37694.89926737345
2025-08-04,Electrónica,Centro,50.0,37,32617.496770546095
2025-08-04,Alimentos,Norte,328.4075144951255,69,57734.22409265029
2025-08-05,Electrónica,Centro,324.6944525105492,37,33824.43249551078
2025-08-05,Hogar,Norte,156.7822955323994,64,42564.80780107716
2025-08-06,Electrónica,Sur,271.07581261154337,69,50628.41195170168
2025-08-06,Hogar,Sur,219.46392659354166,62,57868.187736974396
2025-08-06,Electrónica,Centro,262.5503435763543,18,15000.0
2025-08-06,Electrónica,Centro,167.26329238154034,31,29787.711317647303
2025-08-07,Alimentos,Norte,308.53656016407325,62,48724.66645184641
2025-08-07,Alimentos,Norte,50.0,28,34273.942997528
2025-08-07,Bebidas,Sur,85.66144256785915,54,34753.31751588583
2025-08-07,Bebidas,Centro,68.31513198322534,49,34019.201241299634
2025-08-07,Bebidas,Sur,268.8469524296767,39,24489.046185564555
2025-08-07,Electrónica,Norte,161.00882645418687,18,16142.808802206277
2025-08-08,Bebidas,Norte,137.77504178458327,22,15000.0
2025-08-08,Hogar,Norte,354.2959778584376,64,64499.556336299305
2025-08-08,Electrónica,Sur,204.0851832816836,53,37743.39144524401
2025-08-08,Alimentos,Centro,96.68354027363972,43,26143.55542929627
2025-08-08,Hogar,Centro,168.0427468688301,55,42719.62381421969
2025-08-10,Alimentos,Norte,50.0,24,17118.994545704045
2025-08-10,Electrónica,Norte,50.0,27,15000.0
2025-08-10,Electrónica,Sur,126.16374067395218,31,22207.43112650848
2025-08-10,Electrónica,Centro,134.0387594938341,31,34916.46070383206
2025-08-10,Hogar,Norte,50.0,47,33813.16648786108
2025-08-11,Bebidas,Norte,173.64538864223184,64,51472.73639444167
2025-08-12,Alimentos,Sur,258.20719436011586,48,42416.77136890737
2025-08-12,Electrónica,Norte,246.72227408800285,54,50551.57960050633
2025-08-12,Alimentos,Sur,249.31798652958628,60,53927.8115964607
2025-08-13,Hogar,Sur,98.45003463526434,29,23188.584046689364
2025-08-13,Alimentos,Centro,50.0,41,24978.286572751604
2025-08-13,Hogar,Norte,89.6058249410001,61,46884.441649524386
2025-08-14,Hogar,Sur,100.37306642103547,32,28835.653847974078
2025-08-14,Electrónica,Norte,140.72278046452624,42,46022.817844042904
2025-08-16,Bebidas,Norte,284.61175676374506,69,67580.69068409991
2025-08-16,Hogar,Sur,73.65260531418534,28,15000.0
2025-08-17,Electrónica,Sur,282.1905735322003,46,48433.08231988398
2025-08-17,Bebidas,Centro,177.36515738663834,46,43558.193133954424
2025-08-17,Bebidas,Centro,165.82968437356507,52,32822.856063321975
2025-08-17,Hogar,Norte,50.0,32,29459.358512956187
2025-08-18,Bebidas,Sur,265.61823363128286,69,58335.69941361588
2025-08-18,Hogar,Norte,133.58729756274676,55,47012.47237300297
2025-08-19,Alimentos,Centro,89.69548530258862,59,47374.3895489907
2025-08-19,Alimentos,Sur,105.65355992446524,53,44894.54604900012
2025-08-19,Alimentos,Norte,218.42427629216587,64,57766.19488579048
2025-08-19,Hogar,Centro,217.74861456867646,63,60875.04499310933
2025-08-20,Bebidas,Centro,216.41993342802562,59,48434.18994489972
2025-08-20,Hogar,Norte,245.1411554230533,42,25489.987453466343
2025-08-20,Alimentos,Norte,259.728191926815,50,40822.50575061353
2025-08-20,Alimentos,Centro,286.0289626760021,52,50121.27615726376
2025-08-21,Alimentos,Norte,50.0,37,18924.502368721878
2025-08-21,Alimentos,Sur,190.77656306431868,55,40754.36256212705
2025-08-21,Bebidas,Centro,202.93903747843459,68,59148.38605827695
2025-08-22,Bebidas,Sur,93.00109277866986,55,42358.28739794398
2025-08-22,Alimentos,Centro,198.5176890962165,44,41422.12880413505
2025-08-24,Hogar,Centro,218.78360881380044,40,23877.743467332322
2025-08-24,Bebidas,Norte,323.00293225340386,54,47724.98230121482
2025-08-25,Bebidas,Sur,230.02045102076227,61,49303.338983321395
2025-08-25,Hogar,Sur,126.33365899766414,51,35256.885916462095
2025-08-25,Alimentos,Norte,288.9300341044541,66,45234.32200275545
2025-08-25,Bebidas,Norte,50.0,40,36747.43487528903
2025-08-26,Electrónica,Centro,153.0160515122494,40,44386.61266644921
2025-08-26,Bebidas,Centro,66.57819687178531,25,26040.35559302979
2025-08-26,Electrónica,Norte,197.5341654459983,50,40038.25744982641
2025-08-27,Hogar,Centro,258.790642380716,62,57044.74438845575
2025-08-27,Electrónica,Sur,50.0,40,31845.45631088833
2025-08-27,Alimentos,Norte,165.97076588304415,57,44063.73622751355
2025-08-28,Hogar,Norte,63.11558362337996,18,15000.0
2025-08-28,Electrónica,Sur,146.77195553288985,44,33483.314742228664
2025-08-28,Hogar,Sur,73.85249785709998,45,32081.300219423738
2025-08-28,Alimentos,Norte,180.1457059581226,54,31029.328192757865
2025-08-28,Electrónica,Norte,226.88052607730162,49,55611.51185883489
2025-08-28,Hogar,Norte,220.12226966832196,45,59963.02285287678
2025-08-28,Hogar,Centro,275.255635171126,48,35251.07719932538
2025-08-29,Electrónica,Sur,88.51672838816307,35,30299.511011440423
2025-08-29,Bebidas,Norte,243.10691831542667,64,57286.15722063476
2025-08-29,Alimentos,Centro,50.0,45,33144.05068028521
2025-08-29,Bebidas,Sur,86.25453896276333,32,28417.480239950844
2025-08-29,Hogar,Sur,50.0,18,22260.574787354006
2025-08-30,Alimentos,Norte,111.48096957613524,24,24360.259479371172
2025-08-30,Hogar,Sur,50.0,22,19072.455131626037
2025-08-30,Alimentos,Centro,133.15093863884738,38,33069.688841879564
2025-08-30,Hogar,Centro,196.6399214620757,67,49171.235651494164
2025-08-31,Electrónica,Norte,340.6062604359107,57,47414.020796005105
2025-08-31,Hogar,Norte,201.25118098502807,28,27330.990558890342
2025-08-31,Bebidas,Sur,50.0,39,34943.8764905502
2025-08-31,Electrónica,Sur,257.30993457527717,40,38540.7574877726
2025-08-31,Bebidas,Centro,295.50203090179605,67,48580.230095623076
2025-08-31,Alimentos,Norte,50.0,20,15000.0
2025-09-01,Hogar,Sur,50.0,41,20722.28436318459
2025-09-01,Hogar,Sur,58.1339801729269,35,36397.38403344601
2025-09-01,Hogar,Norte,50.0,42,30673.723523124565
2025-09-03,Hogar,Norte,257.2287328399911,62,44704.099796577226
2025-09-03,Alimentos,Centro,96.09922330807697,61,51016.61487074913
2025-09-03,Hogar,Norte,189.20869393964207,42,36998.16140046431
2025-09-03,Hogar,Sur,120.85444569391326,46,42193.54141274819
2025-09-04,Alimentos,Sur,283.0222926822565,49,43090.97626857126
2025-09-05,Hogar,Sur,89.61195618818488,26,19301.013607476507
2025-09-05,Bebidas,Sur,107.71845403555152,20,15000.0
2025-09-05,Alimentos,Norte,135.8130603955723,37,24524.233890612326
2025-09-05,Bebidas,Norte,401.34255410592834,59,58847.04608673244
2025-09-05,Electrónica,Centro,50.0,32,17976.81988060961
2025-09-05,Hogar,Sur,304.8166210424347,64,56055.22111639288
2025-09-06,Bebidas,Sur,291.588379096866,68,49624.007826389054
2025-09-06,Bebidas,Norte,281.3675372687002,57,41974.434107342415
2025-09-06,Electrónica,Sur,50.0,18,15000.0
2025-09-06,Hogar,Norte,76.11493643968308,28,31918.266032355703
2025-09-07,Electrónica,Norte,233.53770285613732,45,33742.493096946564
2025-09-07,Hogar,Norte,200.05348976458066,57,60861.38663840521
2025-09-07,Bebidas,Centro,272.1710847939283,32,49918.99052791583
2025-09-08,Alimentos,Sur,316.5357090612327,68,45466.841230083606
2025-09-08,Bebidas,Norte,53.596877038015684,19,15000.0
2025-09-09,Bebidas,Centro,192.3339921904107,64,47121.62621717907
2025-09-10,Electrónica,Centro,127.3263331766524,33,22805.83385330667
2025-09-11,Electrónica,Norte,229.89433231752855,65,50656.34887465068
2025-09-11,Electrónica,Sur,275.83688240166134,46,47621.72705626904
2025-09-11,Alimentos,Sur,229.92726133418677,48,32158.320246662828
2025-09-12,Hogar,Centro,71.60959673761053,24,24685.17367761068
2025-09-13,Electrónica,Centro,141.73897055891996,67,48286.73269212974
2025-09-13,Electrónica,Sur,50.0,22,15000.0
2025-09-14,Alimentos,Centro,273.50668756679886,65,44679.17730954886
2025-09-15,Hogar,Centro,285.75021875607933,63,46199.69533365415
2025-09-15,Bebidas,Centro,162.10924341698714,53,43485.496292213014
2025-09-15,Bebidas,Centro,50.0,19,15000.0
2025-09-16,Bebidas,Sur,113.19972530077388,49,34171.1208395556
2025-09-16,Alimentos,Norte,112.06248389394096,50,43672.22810506386
2025-09-16,Electrónica,Centro,50.0,20,15307.924166914838
2025-09-16,Electrónica,Norte,202.73812169412116,31,27993.262857522728
2025-09-17,Bebidas,Centro,183.4844581910061,67,67418.49849527948
2025-09-17,Electrónica,Sur,173.34526148009772,69,54489.81441336918
2025-09-17,Bebidas,Centro,195.20158880544994,59,44623.014129750074
2025-09-17,Electrónica,Sur,157.8205741024498,19,15067.79862549411
2025-09-18,Electrónica,Centro,125.47301966185583,19,15000.0
2025-09-18,Bebidas,Centro,283.02095747041153,59,41248.039409282195
2025-09-19,Alimentos,Norte,112.64585491455196,32,37161.33093730989
2025-09-19,Bebidas,Sur,199.60347756556433,45,39369.99703431747
2025-09-19,Alimentos,Sur,256.1180421160649,37,35825.502936088415
2025-09-20,Alimentos,Sur,237.9365998176512,37,38404.240845294844
2025-09-20,Bebidas,Centro,279.98919018458463,68,57342.15633607157
2025-09-20,Alimentos,Sur,285.33694576242704,61,58789.994894041854
2025-09-20,Hogar,Centro,241.35049750119467,60,56676.16576247555
2025-09-22,Electrónica,Centro,191.70350658921637,29,17916.50642540851
2025-09-22,Electrónica,Sur,50.0,36,24428.939406572277
2025-09-22,Electrónica,Norte,494.633398863279,64,53739.76709334018
2025-09-22,Bebidas,Sur,50.0,29,15000.0
2025-09-22,Alimentos,Sur,192.81944808552208,38,34626.361042824006
2025-09-23,Alimentos,Centro,173.8081468934243,21,16755.49428811116
2025-09-23,Bebidas,Centro,410.1679567071989,62,68938.98520535936
2025-09-23,Hogar,Norte,155.61890482852792,43,39140.9454820384
2025-09-24,Alimentos,Centro,191.1181632664597,62,42065.37869568824
2025-09-24,Hogar,Sur,144.52883642689193,50,38367.04645885743
2025-09-24,Alimentos,Norte,198.62746000403655,69,61553.422451968894
2025-09-24,Hogar,Norte,137.75328534304197,42,34578.54822976014
2025-09-25,Bebidas,Centro,296.6311015134388,36,38758.890473181906
2025-09-25,Electrónica,Sur,104.37890417088022,45,32376.449856406354
2025-09-25,Bebidas,Norte,269.26285294187085,55,54226.014408080344
2025-09-25,Hogar,Centro,319.63038597268536,63,71597.74923512177
2025-09-25,Hogar,Sur,186.84004211498512,22,29576.05047951042
2025-09-26,Bebidas,Centro,51.10321575505158,32,20922.105406349827
2025-09-27,Alimentos,Norte,162.70224678680805,39,27671.243331605445
2025-09-28,Hogar,Centro,242.22803981549265,46,46186.534552393256
2025-09-28,Electrónica,Sur,167.18055138642902,58,31404.140814739316
2025-09-28,Hogar,Centro,200.66949954221627,64,46364.822351284674
2025-09-29,Electrónica,Centro,129.05729090317436,34,27252.944205215914
2025-09-29,Hogar,Norte,261.1028060069688,57,42359.149038516196
2025-09-29,Alimentos,Norte,50.0,28,19447.37855575613
2025-09-29,Hogar,Norte,50.0,61,48995.24338877157
2025-09-30,Electrónica,Norte,369.80958562771923,65,62851.06883501309
2025-09-30,Hogar,Norte,66.88375675499677,56,48992.111393522755
2025-09-30,Bebidas,Norte,298.8953980642256,39,43366.4781263893
2025-10-01,Bebidas,Norte,174.90862390105872,42,35413.27844741632
2025-10-02,Electrónica,Norte,216.0823207490604,33,38295.112254345215
2025-10-03,Bebidas,Sur,72.21703560939568,41,24957.404138882324
2025-10-03,Hogar,Norte,50.0,62,52438.71246770934
2025-10-03,Electrónica,Sur,50.0,26,20363.0213888186
2025-10-04,Bebidas,Norte,383.9057833770997,62,72133.15183177018
2025-10-04,Bebidas,Centro,160.22728158610187,62,41795.53413941091
2025-10-04,Alimentos,Centro,50.0,52,37105.35106242869
2025-10-05,Hogar,Sur,147.69651347778117,44,33550.5948167429
2025-10-05,Hogar,Norte,50.0,18,16835.030714713765
2025-10-05,Electrónica,Sur,50.0,28,25258.213259651584
2025-10-06,Hogar,Norte,87.63765330339052,41,33488.99108510884
2025-10-06,Hogar,Centro,50.0,46,35890.0488167696
2025-10-07,Bebidas,Norte,199.01062257875515,28,20693.222667238577
2025-10-08,Electrónica,Norte,125.93216873708394,58,57893.29180165964
2025-10-08,Electrónica,Norte,303.48159609568864,54,56429.66833882202
2025-10-08,Alimentos,Norte,307.2306535212043,60,44500.45695890796
2025-10-08,Hogar,Norte,185.51072086450344,30,16607.42385903277
2025-10-09,Electrónica,Sur,195.89319336321492,39,31756.244063359136
2025-10-09,Electrónica,Norte,50.0,33,35171.79041803251
2025-10-09,Alimentos,Centro,188.98981827793807,31,23584.753059255636
2025-10-09,Bebidas,Norte,357.05689717241347,58,50214.09817965674
2025-10-09,Electrónica,Centro,50.0,39,35810.51742590707
2025-10-10,Electrónica,Sur,207.43439554634523,65,51458.048682433495
2025-10-10,Hogar,Centro,168.08893646041105,60,59476.19074987671
2025-10-10,Electrónica,Centro,50.0,58,40613.81328911986
2025-10-11,Alimentos,Sur,73.44647362143512,43,37997.69541319368
2025-10-11,Hogar,Sur,187.1060741020999,53,44526.00856240645
2025-10-11,Electrónica,Centro,157.18281033166977,58,45032.92384728473
2025-10-11,Bebidas,Sur,144.38804380486258,39,18671.773403824478
2025-10-11,Alimentos,Norte,146.48933764635132,36,25013.61299551809
2025-10-11,Alimentos,Centro,144.12528061945233,63,49902.81754956746
2025-10-11,Alimentos,Sur,168.7068130616463,53,40919.574043442924
2025-10-12,Hogar,Centro,210.94518321650398,30,31638.186217704086
2025-10-12,Bebidas,Sur,50.0,31,29590.35565406292
2025-10-13,Bebidas,Sur,50.0,50,33628.68718303135
2025-10-13,Alimentos,Sur,86.43002878076247,33,22297.110337250277
2025-10-13,Electrónica,Sur,173.10319725128826,25,15000.0
2025-10-13,Electrónica,Sur,235.3844528781132,58,47749.05850794134
2025-10-14,Bebidas,Norte,84.84608406103334,24,26380.307511773404
2025-10-14,Electrónica,Sur,134.5008211661363,41,43172.502130769964
2025-10-14,Alimentos,Centro,87.07952619219583,29,26087.466114370145
2025-10-14,Hogar,Centro,50.0,35,20079.563808706174
2025-10-14,Alimentos,Sur,238.3183267501355,42,37741.318867326125
2025-10-14,Alimentos,Sur,245.09110535381961,51,36520.29335893318
2025-10-16,Alimentos,Sur,50.0,42,36551.239446326064
2025-10-17,Electrónica,Centro,50.0,31,16463.007380036015
2025-10-17,Hogar,Norte,372.3865344962843,67,58218.70632225643
2025-10-17,Alimentos,Centro,65.36826075439592,25,32898.96141010176
2025-10-17,Alimentos,Norte,196.64053416993568,63,50119.92786894068
2025-10-18,Hogar,Sur,157.8713415240713,46,38918.17479098703
2025-10-18,Electrónica,Sur,259.5644775443201,69,52735.70842757329
2025-10-20,Hogar,Sur,216.19026508692775,62,51545.367712955675
2025-10-20,Bebidas,Sur,109.46078065750825,59,34730.89903306085
2025-10-21,Electrónica,Sur,50.0,23,31801.909852933702
2025-10-21,Electrónica,Sur,50.0,39,20846.582253386012
2025-10-22,Electrónica,Norte,99.02937939277498,19,15000.0
2025-10-23,Hogar,Sur,185.9711589802431,24,24165.568429766423
2025-10-23,Electrónica,Norte,102.26111353657325,54,31416.111265275715
2025-10-23,Hogar,Norte,120.03864502408939,31,28188.63387219903
2025-10-23,Alimentos,Sur,169.53836614803214,63,42632.9048198036
2025-10-23,Hogar,Sur,244.82157177463108,41,30123.691682855933
2025-10-24,Hogar,Norte,105.74966542047024,18,23593.486913360786
2025-10-24,Bebidas,Norte,70.27528536190358,33,25023.586270838485
2025-10-24,Hogar,Sur,75.30596342717985,26,26549.651182907262
2025-10-25,Hogar,Centro,50.0,18,23842.275484580336
2025-10-25,Hogar,Centro,336.882956604461,62,64125.84258014703
2025-10-25,Alimentos,Centro,50.0,25,19225.51581665293
2025-10-26,Electrónica,Centro,213.02661484334817,51,33437.68623279477
2025-10-27,Alimentos,Sur,50.0,18,15000.0
2025-10-27,Electrónica,Norte,100.534702408723,59,35683.94785728351
2025-10-28,Electrónica,Sur,186.2976061162043,27,15000.0
2025-10-28,Electrónica,Norte,297.514145471519,30,33037.65044007673
2025-10-28,Electrónica,Centro,207.62500206644626,43,24272.189917311967
2025-10-29,Electrónica,Sur,165.01859981165325,65,62920.95416022581
2025-10-29,Electrónica,Norte,83.65703870584117,51,24389.510305730884
2025-10-30,Electrónica,Norte,66.65178654531786,26,16046.762425967097
2025-10-30,Hogar,Norte,135.4317732102973,37,45368.84611037783
2025-10-31,Electrónica,Centro,285.55876108931915,56,43309.4506538187
2025-10-31,Electrónica,Sur,50.0,56,43056.23739862739
2025-10-31,Hogar,Norte,139.6978075070462,20,19602.714823673377
2025-11-01,Bebidas,Sur,397.1610637018355,68,60949.88564475757
2025-11-01,Bebidas,Sur,281.19632172753603,41,26016.181842782204
2025-11-02,Hogar,Norte,219.55966028833086,50,43848.176514935345
2025-11-02,Alimentos,Norte,135.77337086496067,67,62035.097582333285
2025-11-02,Bebidas,Norte,234.94424249958098,65,59041.43334690433
2025-11-02,Hogar,Sur,154.1088613015794,49,41536.33395146978
2025-11-04,Hogar,Norte,312.0486880516021,54,42480.49642639566
2025-11-04,Bebidas,Sur,50.0,21,23012.913332097938
2025-11-05,Electrónica,Norte,236.80943427452604,34,25617.17394869783
2025-11-05,Electrónica,Sur,50.0,44,30433.138482776678
2025-11-05,Bebidas,Sur,349.46776701737997,37,39248.3336759897
2025-11-05,Alimentos,Sur,161.03035095526064,55,45740.60664945377
2025-11-06,Bebidas,Norte,293.19019066386306,55,53571.54837070784
2025-11-06,Alimentos,Norte,198.9281053022696,39,28572.779549650717
2025-11-06,Bebidas,Sur,54.40757390414677,55,48828.28965689971
2025-11-06,Electrónica,Norte,156.22220203001888,61,42838.782532856305
2025-11-06,Alimentos,Sur,130.9083600997758,38,37617.218766167745
2025-11-07,Electrónica,Sur,308.5387278958371,60,56912.40185261884
2025-11-07,Alimentos,Sur,131.4286893791049,28,26575.74492658038
2025-11-07,Hogar,Sur,183.44860425115698,62,54705.92687464308
2025-11-07,Electrónica,Norte,177.01868652212048,22,21487.287697683612
2025-11-08,Hogar,Centro,215.22464487995484,30,24912.794464280745
2025-11-08,Alimentos,Centro,440.1395888901764,67,60716.03757054996
2025-11-08,Electrónica,Norte,219.74498750733088,50,48262.128859876495
2025-11-09,Alimentos,Centro,166.39989095405838,65,61807.20315220416
2025-11-10,Bebidas,Centro,50.0,24,18623.542635978847
2025-11-10,Hogar,Norte,90.22735281057987,23,19225.215686853557
2025-11-11,Bebidas,Centro,112.75694954995295,30,23040.31099723048
2025-11-11,Bebidas,Norte,147.02706579845125,56,44760.90614861821
2025-11-11,Hogar,Sur,115.29218590535811,20,23240.342849553
2025-11-12,Electrónica,Norte,192.1924770726033,24,15000.0
2025-11-12,Bebidas,Sur,50.0,20,15000.0
2025-11-12,Alimentos,Norte,166.60091850872044,24,24020.286996277933
2025-11-13,Hogar,Norte,50.0,59,46516.35013600559
2025-11-14,Electrónica,Norte,200.22866745243428,41,24393.995858675644
2025-11-15,Electrónica,Sur,104.77127324701435,25,17590.621134705187
2025-11-15,Electrónica,Norte,89.6531928888524,44,29635.201745086903
2025-11-15,Hogar,Centro,133.34696551382157,40,32138.000685187657
2025-11-15,Bebidas,Sur,50.0,49,41395.18089612326
2025-11-15,Hogar,Sur,251.58808997091728,47,53300.325667965044
2025-11-15,Electrónica,Sur,270.7289261472402,59,46670.19443093541
2025-11-16,Hogar,Norte,198.6074936985161,60,40115.999559275086
2025-11-16,Electrónica,Sur,216.01425353784077,60,44934.62821903608
2025-11-16,Bebidas,Centro,103.12066557806648,42,15000.0
2025-11-16,Electrónica,Centro,50.0,45,23001.071723571982
2025-11-16,Electrónica,Norte,230.72036945403164,61,52830.57954389719
2025-11-16,Electrónica,Norte,80.95216203546245,21,19858.23594096365
2025-11-17,Bebidas,Sur,251.03126346204465,51,55636.27379233697
2025-11-17,Bebidas,Centro,158.2681296876744,48,45146.33685566655
2025-11-17,Hogar,Centro,197.96614809333062,38,23732.347895394083
2025-11-17,Alimentos,Norte,400.26544816924303,64,67854.96865288634
2025-11-18,Alimentos,Centro,182.343099969449,65,63850.901410088445
2025-11-18,Electrónica,Norte,84.46273402787459,22,15000.0
2025-11-19,Electrónica,Norte,295.5093744647097,64,52016.55096399947
2025-11-19,Bebidas,Norte,108.9380854217336,25,27482.196801175334
2025-11-19,Hogar,Sur,147.44074702150914,34,30705.531124333087
2025-11-19,Electrónica,Sur,50.0,19,21871.031365061477
2025-11-19,Alimentos,Norte,121.76713144663141,41,32260.54043942228
2025-11-20,Electrónica,Norte,188.22156700165252,69,43001.79394726611
2025-11-20,Hogar,Centro,240.05253670818115,56,42968.266322732416
2025-11-22,Alimentos,Sur,165.85532244728915,49,50559.98377250607
2025-11-22,Hogar,Centro,155.6234030266774,60,48053.20087822
2025-11-22,Hogar,Norte,200.97522473701665,54,36720.1451026683
2025-11-22,Hogar,Centro,337.49585181906184,65,44065.256745551895
2025-11-22,Bebidas,Centro,274.21864653080814,38,44833.40643630922
2025-11-22,Electrónica,Norte,297.1719833123549,63,45349.06564527227
2025-11-22,Hogar,Centro,50.0,37,19892.16920885721
2025-11-23,Bebidas,Norte,332.72024229538806,60,68356.6759858041
2025-11-24,Alimentos,Norte,256.00770795620184,64,63792.76507789198
2025-11-24,Bebidas,Centro,185.95718260332353,63,55316.99509081721
2025-11-24,Electrónica,Sur,165.5254292077605,51,32354.99711608402
2025-11-25,Electrónica,Sur,266.1117660994999,48,33565.76704632114
2025-11-25,Electrónica,Centro,167.3915674609083,50,47481.30083524976
2025-11-25,Electrónica,Centro,286.586203053762,59,53346.52510999498
2025-11-26,Bebidas,Sur,265.293006163647,49,46164.28499228363
2025-11-26,Bebidas,Norte,83.78527008641868,55,47138.123219356
2025-11-26,Electrónica,Sur,275.821750294268,51,46336.20463726468
2025-11-28,Bebidas,Sur,50.0,29,23242.545356810184
2025-11-29,Electrónica,Centro,173.1433922726765,51,40496.17276571959
2025-11-29,Alimentos,Sur,50.0,42,26013.148690956816
2025-11-29,Alimentos,Sur,130.55788494275936,53,31216.096238195718
2025-11-29,Alimentos,Centro,62.585320532445664,18,15000.0
2025-11-30,Electrónica,Sur,260.48189225610486,26,25054.37874846859
2025-11-30,Alimentos,Sur,53.48736667032023,32,23893.306780767623
2025-12-01,Alimentos,Sur,346.6399172353971,68,59985.5698109597
2025-12-01,Electrónica,Centro,50.0,22,20421.975165937467
2025-12-01,Electrónica,Sur,108.25552174052153,22,31382.31197601957
2025-12-02,Electrónica,Norte,80.34946986556255,51,41836.592735775164
2025-12-04,Hogar,Norte,219.14648409250373,65,54422.553278305306
2025-12-04,Hogar,Centro,50.0,59,38670.4989875234
2025-12-04,Hogar,Centro,280.8171175441247,43,33257.440749250716
2025-12-05,Bebidas,Norte,94.78083991938482,30,21906.83921800417
2025-12-06,Bebidas,Sur,50.0,22,15000.0
2025-12-06,Alimentos,Sur,109.29066378567225,31,25434.563107522867
2025-12-06,Bebidas,Norte,206.13028501338226,44,43903.69264833727
2025-12-06,Bebidas,Centro,256.97613965426297,50,45163.71872085622
2025-12-06,Alimentos,Norte,85.60408832556502,26,21176.866021790298
2025-12-07,Alimentos,Norte,228.51621099309992,47,50421.12231285873
2025-12-07,Bebidas,Sur,186.3478844205025,57,58542.197405373714
2025-12-09,Bebidas,Sur,129.80473805000528,44,37883.10289316394
2025-12-09,Electrónica,Centro,177.3307408397684,21,17274.310498363993
2025-12-10,Electrónica,Sur,121.1050284139644,36,38981.38083368728
2025-12-10,Alimentos,Sur,430.6477385521578,60,53351.576661317005
2025-12-10,Electrónica,Sur,92.9325943286018,52,51455.04512602929
2025-12-11,Bebidas,Sur,152.5687067401713,31,30395.07805157946
2025-12-12,Bebidas,Centro,295.1059970353864,65,53816.62288701814
2025-12-12,Bebidas,Sur,241.01845829088637,27,31189.908615806038
2025-12-13,Alimentos,Centro,149.77574883417492,33,25965.54637717838
2025-12-13,Bebidas,Centro,50.0,18,15000.0
2025-12-14,Bebidas,Centro,110.20268647089901,30,38458.325522359984
2025-12-14,Electrónica,Norte,153.78429453604477,61,47724.45180178349
2025-12-14,Hogar,Norte,151.58220995189916,37,31361.28506223444
2025-12-15,Alimentos,Norte,246.87574257307355,33,41391.26759476497
2025-12-15,Electrónica,Norte,63.1752908471626,30,18361.519535033138
2025-12-15,Electrónica,Sur,208.7856635920574,23,19263.081031601592
2025-12-16,Alimentos,Sur,223.1007014639474,33,21769.76343898819
2025-12-17,Bebidas,Norte,152.23224932569164,39,33585.60228005003
2025-12-17,Electrónica,Centro,95.15033904691197,46,41879.918711176026
2025-12-17,Bebidas,Centro,398.68017964508465,56,46771.37571351817
2025-12-17,Alimentos,Centro,112.08944875660315,49,33427.76896980986
2025-12-19,Hogar,Sur,179.78905664937315,39,29449.80923238469
2025-12-19,Electrónica,Centro,239.97204859289613,64,46958.95380399692
2025-12-19,Bebidas,Centro,208.73115585250454,57,54948.98719209703
2025-12-19,Bebidas,Sur,50.0,41,25092.49922246297
2025-12-20,Hogar,Centro,101.89215812103704,29,27477.709657904954
2025-12-20,Electrónica,Centro,50.0,44,31807.26470659804
2025-12-20,Alimentos,Norte,121.94601306800249,43,37905.42264755168
2025-12-20,Electrónica,Sur,50.0,24,20446.68420840057
2025-12-21,Bebidas,Norte,55.28361179137732,35,19428.830999378177
2025-12-23,Alimentos,Sur,50.0,46,25272.48391446298
2025-12-24,Bebidas,Centro,232.71879738947302,48,44051.79708496755
2025-12-24,Electrónica,Norte,50.0,19,15000.0
2025-12-24,Alimentos,Sur,81.50764234596805,35,23731.567739522605
2025-12-24,Hogar,Norte,56.81654876844786,57,30174.492198840857
2025-12-24,Alimentos,Centro,50.0,44,22390.079761640896
2025-12-24,Hogar,Sur,57.15103071190079,40,31382.49049824118
2025-12-24,Bebidas,Sur,275.71796658385813,53,34047.890060169564
2025-12-24,Alimentos,Centro,284.5983647108524,56,58417.42478521737
2025-12-25,Bebidas,Norte,50.0,23,15000.0
2025-12-26,Bebidas,Norte,50.0,23,28114.5998843344
2025-12-26,Electrónica,Norte,159.55969692114073,39,42079.748264617694
2025-12-26,Hogar,Sur,69.33930718702193,19,15000.0
2025-12-26,Alimentos,Centro,141.9839595468079,49,46054.19776248677
2025-12-26,Alimentos,Centro,50.0,25,15389.855568551055
2025-12-26,Alimentos,Sur,229.17361819734853,55,44800.397291341425
2025-12-27,Bebidas,Norte,50.0,18,19577.67351020558
2025-12-27,Electrónica,Centro,181.95823412429957,35,15000.0
2025-12-28,Electrónica,Sur,208.94944560704744,39,41522.92651897691
2025-12-29,Hogar,Centro,178.70456693135208,60,49353.39963949702
2025-12-29,Hogar,Norte,241.2987744944799,46,34305.78800858782
2025-12-30,Alimentos,Sur,53.455717404179495,48,45290.36028405758
2025-12-30,Bebidas,Centro,69.98552948450818,55,36528.031492543996
2025-12-31,Alimentos,Centro,50.0,42,31802.201130465524
2025-12-31,Bebidas,Sur,204.65158625955706,61,34438.71353660484
2025-12-31,Bebidas,Centro,62.251441864375465,41,33454.396602390785
2025-12-31,Hogar,Centro,62.1674724543174,21,18553.83045443852
